show_id,type,title,date_added,release_year,rating,duration
s1,Movie,Duck the Halls: A Mickey Mouse Christmas Special,26-Nov-21,2016,TV-G,23 min
s2,Movie,Ernest Saves Christmas,26-Nov-21,1988,PG,91 min
s3,Movie,Ice Age: A Mammoth Christmas,26-Nov-21,2011,TV-G,23 min
s4,Movie,The Queen Family Singalong,26-Nov-21,2021,TV-PG,41 min
s5,TV Show,The Beatles: Get Back,25-Nov-21,2021,,1 Season
s6,Movie,Becoming Cousteau,24-Nov-21,2021,PG-13,94 min
s7,TV Show,Hawkeye,24-Nov-21,2021,TV-14,1 Season
s8,TV Show,Port Protection Alaska,24-Nov-21,2015,TV-14,2 Seasons
s9,TV Show,Secrets of the Zoo: Tampa,24-Nov-21,2019,TV-PG,2 Seasons
s10,Movie,A Muppets Christmas: Letters To Santa,19-Nov-21,2008,G,45 min
s11,Movie,Adventure Thru the Walt Disney Archives,19-Nov-21,2020,TV-PG,59 min
s12,Movie,Puppy for Hanukkah,19-Nov-21,2020,TV-G,4 min
s13,Movie,The Pixar Story,19-Nov-21,2007,G,91 min
s14,TV Show,"Dr. Oakley, Yukon Vet",17-Nov-21,2013,TV-PG,10 Seasons
s15,Movie,America the Beautiful,12-Nov-21,2021,TV-PG,2 min
s16,Movie,Baymax!,12-Nov-21,2021,TV-G,1 min
s17,Movie,Ciao Alberto,12-Nov-21,2021,TV-PG,8 min
s18,TV Show,Disney Fancy Nancy,12-Nov-21,2018,TV-PG,3 Seasons
s19,TV Show,Disney Intertwined,12-Nov-21,2021,TV-PG,1 Season
s20,Movie,Enchanted,12-Nov-21,2007,PG,110 min
s21,Movie,Feast,12-Nov-21,2014,G,8 min
s22,Movie,Frozen Fever,12-Nov-21,2015,G,11 min
s23,Movie,Get a Horse!,12-Nov-21,2013,G,7 min
s24,Movie,Home Sweet Home Alone,12-Nov-21,2021,PG,95 min
s25,Movie,Jungle Cruise,12-Nov-21,2021,PG-13,129 min
s26,Movie,Limitless with Chris Hemsworth,12-Nov-21,2021,TV-14,2 min
s27,Movie,Marvel Studios’ 2021 Disney+ Day Special,12-Nov-21,2021,TV-PG,14 min
s28,Movie,Obi-Wan Kenobi,12-Nov-21,2021,TV-PG,1 min
s29,TV Show,Olaf Presents,12-Nov-21,2021,TV-PG,1 Season
s30,Movie,Paperman,12-Nov-21,2012,G,7 min
s31,Movie,Pixar 2021 Disney+ Day Special,12-Nov-21,2021,G,5 min
s32,Movie,Shang-Chi and The Legend of The Ten Rings,12-Nov-21,2021,PG-13,134 min
s33,Movie,Spin,12-Nov-21,2021,TV-G,94 min
s34,Movie,Tangled Ever After,12-Nov-21,2012,G,9 min
s35,Movie,The Ballad of Nessie,12-Nov-21,2011,G,8 min
s36,Movie,The Little Matchgirl,12-Nov-21,2006,G,7 min
s37,Movie,The Making of Happier Than Ever: A Love Letter to Los Angeles,12-Nov-21,2021,TV-PG,30 min
s38,Movie,The Proud Family: Louder and Prouder,12-Nov-21,2021,TV-G,1 min
s39,Movie,The Simpsons in Plusaversary,12-Nov-21,2021,TV-PG,6 min
s40,Movie,Tick Tock Tale,12-Nov-21,2010,G,6 min
s41,Movie,Under the Helmet: The Legacy of Boba Fett,12-Nov-21,2021,TV-PG,22 min
s42,Movie,Willow,12-Nov-21,2021,TV-PG,3 min
s43,Movie,Alvin and the Chipmunks: Chipwrecked,5-Nov-21,2011,G,87 min
s44,Movie,Jingle All The Way,5-Nov-21,1996,PG,90 min
s45,Movie,Jingle All the Way 2,5-Nov-21,2014,PG,91 min
s46,Movie,Prep & Landing: Operation Secret Santa,5-Nov-21,2010,TV-G,8 min
s47,Movie,Santa Buddies: The Legend of Santa Paws,5-Nov-21,2009,G,93 min
s48,Movie,Snow Buddies,5-Nov-21,2008,G,91 min
s49,Movie,Space Buddies,5-Nov-21,2009,G,87 min
s50,Movie,The Search for Santa Paws,5-Nov-21,2010,G,101 min
s51,Movie,X-Men: First Class,5-Nov-21,2011,PG-13,132 min
s52,TV Show,Disney Amphibia,3-Nov-21,2018,TV-Y7,3 Seasons
s53,TV Show,Photo Ark,3-Nov-21,2017,TV-PG,1 Season
s54,TV Show,Storm Rising,3-Nov-21,2021,TV-14,1 Season
s55,Movie,Bob Ballard: An Explorer's Life,29-Oct-21,2021,TV-PG,44 min
s56,Movie,"McFarland, USA",29-Oct-21,2015,PG,131 min
s57,Movie,Rookie of the Year,22-Oct-21,1993,PG,104 min
s58,Movie,Thumbelina,22-Oct-21,1994,G,87 min
s59,TV Show,PJ Masks,20-Oct-21,2015,TV-Y7,5 Seasons
s60,TV Show,The Wild Life of Dr. Ole,20-Oct-21,2021,TV-PG,1 Season
s61,Movie,Lost Cities with Albert Lin: The Great Flood,15-Oct-21,2021,TV-PG,44 min
s62,Movie,Megacity of the Maya Warriors,15-Oct-21,2021,TV-PG,44 min
s63,TV Show,Apollo: Back To The Moon,13-Oct-21,2019,TV-PG,1 Season
s64,TV Show,Just Beyond,13-Oct-21,2021,TV-PG,1 Season
s65,TV Show,Secrets Of The Zoo: Down Under,13-Oct-21,2020,TV-14,2 Seasons
s66,TV Show,Secrets of the Zoo: North Carolina,13-Oct-21,2020,TV-14,1 Season
s67,TV Show,The Wizard of Paws,13-Oct-21,2021,TV-PG,1 Season
s68,TV Show,Zombies: Addison's Moonstone Mystery,13-Oct-21,2020,TV-G,1 Season
s69,Movie,Just Roll With It: You Decide Live!,8-Oct-21,2019,G,52 min
s70,Movie,Mickey's Tale of Two Witches,8-Oct-21,2021,TV-Y,47 min
s71,Movie,Muppets Haunted Mansion,8-Oct-21,2021,TV-PG,53 min
s72,Movie,The Most Magical Story on Earth: 50 Years of Walt Disney World,8-Oct-21,2021,TV-PG,85 min
s73,Movie,Under Wraps,8-Oct-21,2021,TV-G,92 min
s74,TV Show,Among the Stars,6-Oct-21,2021,TV-PG,1 Season
s75,Movie,Black Widow,6-Oct-21,2021,PG-13,135 min
s76,TV Show,Drain the Oceans,6-Oct-21,2017,TV-PG,4 Seasons
s77,TV Show,Drain The Oceans: The Mississippi River & Arctic War,6-Oct-21,2021,TV-14,1 Season
s78,Movie,Fauci,6-Oct-21,2021,PG-13,105 min
s79,TV Show,IMPACT with Gal Gadot,6-Oct-21,2021,TV-14,1 Season
s80,TV Show,The Ghost and Molly McGee,6-Oct-21,2021,TV-Y7,1 Season
s81,Movie,Alvin and the Chipmunks,1-Oct-21,2007,PG,91 min
s82,Movie,Alvin and the Chipmunks: The Road Chip,1-Oct-21,2015,PG,92 min
s83,Movie,LEGO Star Wars Terrifying Tales,1-Oct-21,2021,TV-Y7-FV,47 min
s84,Movie,Maleficent,1-Oct-21,2014,PG,99 min
s85,Movie,The Scariest Story Ever: A Mickey Mouse Halloween Spooktacular,1-Oct-21,2017,TV-G,22 min
s86,TV Show,Disney Vampirina,29-Sep-21,2017,TV-Y7,3 Seasons
s87,TV Show,Disney's Magic Bake-Off,29-Sep-21,2021,TV-G,1 Season
s88,TV Show,Great Barrier Reef,29-Sep-21,2020,TV-PG,1 Season
s89,TV Show,Ready for Preschool,29-Sep-21,2019,TV-Y,2 Seasons
s90,TV Show,Rolie Polie Olie,29-Sep-21,1998,TV-Y,5 Seasons
s91,TV Show,Star Wars Galaxy of Sounds,29-Sep-21,2021,TV-PG,1 Season
s92,TV Show,The Hatcher Family Dairy,29-Sep-21,2021,TV-14,1 Season
s93,TV Show,The Simpsons,29-Sep-21,1989,TV-PG,32 Seasons
s94,Movie,A Spark Story,24-Sep-21,2021,TV-PG,88 min
s95,Movie,Spooky Buddies,24-Sep-21,2011,G,93 min
s96,Movie,The Fault in Our Stars,24-Sep-21,2014,PG-13,127 min
s97,TV Show,Dog: Impossible,22-Sep-21,2019,TV-PG,2 Seasons
s98,TV Show,Spidey And His Amazing Friends,22-Sep-21,2021,TV-Y,1 Season
s99,TV Show,Star Wars: Visions,22-Sep-21,2021,TV-PG,1 Season
s100,Movie,Confessions of a Shopaholic,17-Sep-21,2009,PG,106 min
s101,Movie,Descendants: Royal Wedding,17-Sep-21,2021,TV-G,22 min
s102,Movie,Disney's Broadway Hits at London's Royal Albert Hall,17-Sep-21,2016,TV-G,116 min
s103,Movie,Flooded Tombs of the Nile,17-Sep-21,2021,TV-PG,44 min
s104,Movie,Jade Eyed Leopard,17-Sep-21,2020,TV-PG,44 min
s105,Movie,Nona,17-Sep-21,2021,G,9 min
s106,Movie,Smoky Mountain Park Rangers,17-Sep-21,2021,TV-PG,42 min
s107,TV Show,Life Below Zero,15-Sep-21,2012,TV-14,16 Seasons
s108,TV Show,Miraculous: Tales Of Ladybug & Cat Noir,15-Sep-21,2015,TV-Y7,1 Season
s109,TV Show,Unknown Waters with Jeremy Wade,15-Sep-21,2021,TV-14,1 Season
s110,Movie,Far Away From Raven’s Home,10-Sep-21,2021,TV-G,11 min
s111,Movie,Pirates of the Caribbean: On Stranger Tides,10-Sep-21,2011,PG-13,140 min
s112,Movie,Twenty Something,10-Sep-21,2021,PG,11 min
s113,TV Show,"Doogie Kamealoha, M.D.",8-Sep-21,2021,TV-PG,1 Season
s114,TV Show,"Mira, Royal Detective",8-Sep-21,2020,TV-Y,2 Seasons
s115,TV Show,Pepper Ann,8-Sep-21,1997,TV-Y,3 Seasons
s116,TV Show,The Incredible Dr. Pol,8-Sep-21,2011,TV-14,19 Seasons
s117,Movie,Happier Than Ever: A Love Letter to Los Angeles,3-Sep-21,2021,TV-14,66 min
s118,Movie,X-Men: Dark Phoenix,3-Sep-21,2019,PG-13,115 min
s119,TV Show,Alaska Animal Rescue,1-Sep-21,2019,TV-PG,2 Seasons
s120,TV Show,Dug Days,1-Sep-21,2021,TV-PG,1 Season
s121,Movie,Cruella,27-Aug-21,2021,PG-13,137 min
s122,Movie,Dan in Real Life,27-Aug-21,2007,PG-13,99 min
s123,Movie,Disney Princess Remixed - An Ultimate Princess Celebration,27-Aug-21,2021,TV-G,22 min
s124,Movie,Marvel One-Shot: All Hail the King,27-Aug-21,2014,TV-14,14 min
s125,Movie,Underdog,27-Aug-21,2007,PG,85 min
s126,TV Show,Dr. K's Exotic Animal ER,25-Aug-21,2014,TV-14,9 Seasons
s127,TV Show,Gigantosaurus,25-Aug-21,2018,TV-Y,2 Seasons
s128,TV Show,Life Below Zero: Next Generation,25-Aug-21,2020,TV-14,2 Seasons
s129,Movie,Eragon,20-Aug-21,2006,PG,104 min
s130,TV Show,Growing Up Animal,18-Aug-21,2021,TV-PG,1 Season
s131,Movie,Fantastic Four,13-Aug-21,2005,PG-13,106 min
s132,Movie,X-Men,13-Aug-21,2000,PG-13,105 min
s133,TV Show,America's Funniest Home Videos: Animal Edition,11-Aug-21,2021,TV-PG,1 Season
s134,TV Show,Chicken Squad,11-Aug-21,2021,TV-Y,1 Season
s135,TV Show,Disney Presents Goofy in How to Stay at Home,11-Aug-21,2021,TV-G,1 Season
s136,TV Show,Gabby Duran And The Unsittables,11-Aug-21,2018,TV-G,2 Seasons
s137,TV Show,What If...?,11-Aug-21,2021,TV-14,1 Season
s138,Movie,Beverly Hills Chihuahua 2,6-Aug-21,2011,G,88 min
s139,Movie,Beverly Hills Chihuahua 3: Viva La Fiesta!,6-Aug-21,2012,G,92 min
s140,Movie,Killer Shark vs Killer Whale,6-Aug-21,2021,TV-14,44 min
s141,Movie,Mrs. Doubtfire,6-Aug-21,1993,PG-13,126 min
s142,TV Show,Cesar Millan: Better Human Better Dog,4-Aug-21,2021,TV-14,1 Season
s143,TV Show,Walt Disney Animation Studios: Short Circuit Experimental Films,4-Aug-21,2020,PG,2 Seasons
s144,Movie,Built for Mars: The Perseverance Rover,30-Jul-21,2021,TV-PG,88 min
s145,Movie,Garfield,30-Jul-21,2004,PG,82 min
s146,TV Show,Chip 'n' Dale: Park Life,28-Jul-21,2021,TV-Y7,1 Season
s147,TV Show,Critter Fixers: Country Vets,28-Jul-21,2020,TV-14,2 Seasons
s148,TV Show,Disney Junior T.O.T.S.,28-Jul-21,2018,TV-Y,2 Seasons
s149,TV Show,Mickey Mouse Funhouse,28-Jul-21,2021,TV-Y,1 Season
s150,TV Show,Minnie's Bow-Toons: Party Palace Pals,28-Jul-21,2021,TV-Y7,1 Season
s151,TV Show,Turning the Tables with Robin Roberts,28-Jul-21,2021,TV-PG,1 Season
s152,Movie,Ice Age: The Meltdown,23-Jul-21,2006,PG,94 min
s153,Movie,Playing with Sharks,23-Jul-21,2021,TV-14,91 min
s154,Movie,Shark vs. Surfer,23-Jul-21,2020,TV-14,44 min
s155,Movie,Shark vs. Whale,23-Jul-21,2020,TV-PG,44 min
s156,Movie,Stuntman,23-Jul-21,2021,TV-14,87 min
s157,Movie,Walking with Dinosaurs: The Movie,23-Jul-21,2013,PG,88 min
s158,Movie,What the Shark?,23-Jul-21,2020,TV-PG,44 min
s159,TV Show,Behind the Attraction,21-Jul-21,2021,TV-PG,1 Season
s160,TV Show,Disney The Owl House,21-Jul-21,2020,TV-Y7,2 Seasons
s161,TV Show,Meet Spidey and His Amazing Friends (Shorts),21-Jul-21,2021,TV-Y,1 Season
s162,TV Show,Mission Force One,21-Jul-21,2017,TV-Y,1 Season
s163,TV Show,Turner & Hooch,21-Jul-21,2021,TV-PG,1 Season
s164,Movie,Most Wanted Sharks,16-Jul-21,2020,TV-PG,44 min
s165,Movie,Secrets of the Bull Shark,16-Jul-21,2020,TV-14,44 min
s166,TV Show,Shark Attack Files,16-Jul-21,2021,TV-14,1 Season
s167,Movie,Shark Attack Investigation: The Paige Winter Story,16-Jul-21,2021,TV-14,44 min
s168,Movie,Sharkcano,16-Jul-21,2020,TV-PG,44 min
s169,Movie,We Bought a Zoo,16-Jul-21,2011,PG,125 min
s170,Movie,World's Biggest Bullshark,16-Jul-21,2021,TV-PG,44 min
s171,Movie,World's Most Dangerous Shark?,16-Jul-21,2021,TV-14,44 min
s172,TV Show,So Random!,14-Jul-21,2011,TV-G,1 Season
s173,Movie,Flicka,9-Jul-21,2006,PG,95 min
s174,Movie,"Miraculous World: Shanghai, The Legend of Ladydragon",9-Jul-21,2021,TV-Y7-FV,54 min
s175,Movie,Orca vs. Great White,9-Jul-21,2021,TV-14,44 min
s176,Movie,Rogue Shark?,9-Jul-21,2021,TV-14,44 min
s177,Movie,Shark Beach with Chris Hemsworth,9-Jul-21,2021,TV-PG,44 min
s178,Movie,Shark Gangs,9-Jul-21,2021,TV-14,44 min
s179,Movie,The Croc That Ate Jaws,9-Jul-21,2021,TV-14,44 min
s180,TV Show,When Sharks Attack,9-Jul-21,2013,TV-14,7 Seasons
s181,TV Show,Breaking Bobby Bones,7-Jul-21,2021,TV-14,1 Season
s182,TV Show,Mickey Mouse Mixed-Up Adventures,7-Jul-21,2019,TV-Y,1 Season
s183,TV Show,Monsters at Work,7-Jul-21,2021,TV-G,1 Season
s184,Movie,"The Good, The Bart, and The Loki",7-Jul-21,2021,TV-PG,6 min
s185,TV Show,Disney Raven's Home,2-Jul-21,2016,TV-G,4 Seasons
s186,Movie,The Sandlot,2-Jul-21,1993,PG,101 min
s187,Movie,The Sandlot 2,2-Jul-21,2005,PG,98 min
s188,Movie,Adventures in Babysitting,25-Jun-21,1987,TV-PG,102 min
s189,TV Show,Running Wild with Bear Grylls,25-Jun-21,2019,TV-PG,2 Seasons
s190,TV Show,The Mysterious Benedict Society,25-Jun-21,2021,TV-PG,1 Season
s191,Movie,Wolfgang,25-Jun-21,2021,TV-PG,80 min
s192,TV Show,Dino Ranch,18-Jun-21,2021,TV-Y,1 Season
s193,TV Show,Disney Just Roll With It,18-Jun-21,2018,TV-Y7,2 Seasons
s194,TV Show,"Heartland Docs, DVM",18-Jun-21,2019,TV-14,3 Seasons
s195,Movie,Luca,18-Jun-21,2021,PG,101 min
s196,TV Show,Star Wars Vintage: Droids,18-Jun-21,1985,TV-Y7-FV,2 Seasons
s197,TV Show,Puppy Dog Pals,11-Jun-21,2016,TV-G,4 Seasons
s198,Movie,Strange Magic,11-Jun-21,2015,PG,101 min
s199,Movie,The Happiest Millionaire,11-Jun-21,1967,G,170 min
s200,Movie,The Pacifier,11-Jun-21,2005,PG,97 min
s201,TV Show,Zenimation,11-Jun-21,2020,TV-G,2 Seasons
s202,TV Show,Loki,9-Jun-21,2021,TV-14,1 Season
s203,TV Show,Gordon Ramsay: Uncharted,4-Jun-21,2018,TV-14,3 Seasons
s204,TV Show,MUPPET BABIES,4-Jun-21,2017,TV-Y,3 Seasons
s205,Movie,Raya and the Last Dragon,4-Jun-21,2021,PG,112 min
s206,Movie,Red Tails,4-Jun-21,2012,PG-13,126 min
s207,Movie,Us Again,4-Jun-21,2021,G,7 min
s208,Movie,American Eid,28-May-21,2021,G,21 min
s209,TV Show,Bluey,28-May-21,2019,TV-Y,2 Seasons
s210,Movie,Dinner Is Served,28-May-21,2021,TV-PG,21 min
s211,TV Show,Disney Sydney To The Max,28-May-21,2018,TV-G,3 Seasons
s212,Movie,Growing Fangs,28-May-21,2021,TV-PG,20 min
s213,TV Show,Kingdom of the Polar Bears,28-May-21,2021,TV-PG,1 Season
s214,Movie,Let's Be Tigers,28-May-21,2021,PG,15 min
s215,Movie,The Last of the Chupacabras,28-May-21,2021,TV-PG,14 min
s216,Movie,The Little Prince(ss),28-May-21,2021,PG,19 min
s217,TV Show,Wicked Tuna,28-May-21,2016,TV-14,10 Seasons
s218,TV Show,Big City Greens,21-May-21,2017,TV-Y7,2 Seasons
s219,TV Show,Fury Files,21-May-21,2013,TV-Y7,1 Season
s220,TV Show,Ice Road Rescue,21-May-21,2015,TV-14,5 Seasons
s221,Movie,Tinker Bell and the Legend of the NeverBeast,21-May-21,2014,G,79 min
s222,TV Show,Schoolhouse Rock!,17-May-21,1973,TV-G,6 Seasons
s223,TV Show,Disney Special Agent Oso: Three Healthy Steps (Shorts),14-May-21,2011,TV-Y,1 Season
s224,TV Show,Race to the Center of the Earth,14-May-21,2021,TV-14,1 Season
s225,TV Show,Special Agent Oso,14-May-21,2009,TV-Y,2 Seasons
s226,Movie,X-Men: The Last Stand,14-May-21,2006,PG-13,105 min
s227,TV Show,The Incredible Hulk,10-May-21,1996,TV-Y7,2 Seasons
s228,Movie,Fantastic Four: Rise of the Silver Surfer,7-May-21,2007,PG,93 min
s229,TV Show,Wander Over Yonder,7-May-21,2013,TV-Y7,2 Seasons
s230,Movie,Wild Hearts Can't Be Broken,7-May-21,1991,G,89 min
s231,Movie,"Maggie Simpson in ""The Force Awakens from its Nap""",4-May-21,2021,TV-PG,4 min
s232,Movie,Star Wars Biomes,4-May-21,2021,TV-G,18 min
s233,TV Show,Star Wars Vehicle Flythroughs,4-May-21,2021,TV-G,1 Season
s234,TV Show,The Bad Batch,4-May-21,2021,TV-PG,1 Season
s235,TV Show,Spider-Man,3-May-21,1994,TV-Y7,5 Seasons
s236,Movie,22 vs. Earth,30-Apr-21,2021,TV-PG,9 min
s237,TV Show,Adventures in Wonderland,30-Apr-21,1996,TV-G,1 Season
s238,Movie,Disney My Music Story SUKIMASWITCH,30-Apr-21,2020,TV-PG,81 min
s239,TV Show,DuckTales,30-Apr-21,2017,TV-Y7,3 Seasons
s240,Movie,Oklahoma!,30-Apr-21,1956,TV-PG,148 min
s241,Movie,Baby's Day Out,23-Apr-21,1994,PG,99 min
s242,Movie,Being the Queen,23-Apr-21,2020,TV-14,44 min
s243,TV Show,Liv and Maddie,23-Apr-21,2013,TV-G,4 Seasons
s244,TV Show,Secrets of the Whales,22-Apr-21,2021,TV-PG,1 Season
s245,TV Show,Big Shot,16-Apr-21,2021,TV-PG,1 Season
s246,TV Show,Earth Moods,16-Apr-21,2021,TV-G,1 Season
s247,TV Show,Primal Survivor,16-Apr-21,2014,TV-PG,5 Seasons
s248,Movie,Rio,16-Apr-21,2011,G,99 min
s249,Movie,The Kid Who Would Be King,16-Apr-21,2019,PG,121 min
s250,Movie,Treasure Buddies,16-Apr-21,2012,G,96 min
s251,Movie,White Fang 2: Myth of the White Wolf,16-Apr-21,1994,PG,106 min
s252,Movie,Cesar Millan: The Real Story,9-Apr-21,2012,TV-PG,45 min
s253,TV Show,Future-Worm!,9-Apr-21,2016,TV-Y7,1 Season
s254,TV Show,Kick Buttowski: Suburban Daredevil,9-Apr-21,2010,TV-Y7,2 Seasons
s255,Movie,Man of the House,9-Apr-21,1995,PG,97 min
s256,Movie,Mark Twain and Me,9-Apr-21,1991,TV-PG,93 min
s257,Movie,Squanto: A Warrior's Tale,9-Apr-21,1994,PG,102 min
s258,Movie,Caravan of Courage: An Ewok Adventure,2-Apr-21,1984,TV-PG,97 min
s259,Movie,Ewoks: The Battle for Endor,2-Apr-21,1985,TV-PG,97 min
s260,TV Show,Higglytown Heroes,2-Apr-21,2004,TV-Y,2 Seasons
s261,Movie,Island at the Top of the World,2-Apr-21,1974,G,94 min
s262,TV Show,Made in a Day,2-Apr-21,2020,TV-PG,1 Season
s263,Movie,Night at the Museum,2-Apr-21,2006,PG,109 min
s264,TV Show,Secrets Of The Zoo,2-Apr-21,2017,TV-PG,4 Seasons
s265,Movie,Sharks Of The Bermuda Triangle,2-Apr-21,2020,TV-PG,45 min
s266,TV Show,Star Wars Vintage: Clone Wars 2D Micro-Series,2-Apr-21,2021,TV-Y7-FV,1 Season
s267,Movie,Star Wars Vintage: Story of the Faithful Wookiee,2-Apr-21,2021,TV-Y7-FV,9 min
s268,TV Show,Star Wars: Ewoks,2-Apr-21,1985,TV-Y7-FV,2 Seasons
s269,Movie,The Big Year,2-Apr-21,2011,PG,101 min
s270,Movie,The Last Ice,2-Apr-21,2020,TV-14,82 min
s271,Movie,Third Man on the Mountain,2-Apr-21,1959,G,107 min
s272,TV Show,Walk the Prank,2-Apr-21,2016,TV-Y7,3 Seasons
s273,Movie,Gnomeo & Juliet,26-Mar-21,2011,G,86 min
s274,TV Show,Pickle and Peanut,26-Mar-21,2015,TV-Y7,2 Seasons
s275,TV Show,The Mighty Ducks: Game Changers,26-Mar-21,2021,TV-PG,1 Season
s276,TV Show,Disney Big Hero 6 The Series,19-Mar-21,2017,TV-G,3 Seasons
s277,Movie,Disney My Music Story: Perfume,19-Mar-21,2019,,53 min
s278,TV Show,Mexico Untamed,19-Mar-21,2018,TV-PG,1 Season
s279,TV Show,The Falcon and The Winter Soldier,19-Mar-21,2021,TV-14,1 Season
s280,Movie,Doc McStuffins: The Doc Is In,12-Mar-21,2020,TV-Y,24 min
s281,TV Show,Marvel Studios ASSEMBLED,12-Mar-21,2021,,1 Season
s282,Movie,Miss Peregrine's Home for Peculiar Children,12-Mar-21,2016,PG-13,127 min
s283,Movie,Own the Room,12-Mar-21,2021,TV-14,91 min
s284,Movie,Garfield: A Tail of Two Kitties,5-Mar-21,2006,PG,79 min
s285,TV Show,American Dragon: Jake Long,26-Feb-21,2004,TV-Y7,2 Seasons
s286,TV Show,Car SOS,26-Feb-21,2012,TV-PG,8 Seasons
s287,TV Show,Disney Channel Games 2008,26-Feb-21,2008,TV-G,1 Season
s288,TV Show,Disney Roll It Back (Shorts),26-Feb-21,2019,TV-Y7,1 Season
s289,TV Show,Dog With a Blog,26-Feb-21,2012,TV-G,3 Seasons
s290,TV Show,Mickey Go Local,26-Feb-21,2019,TV-G,1 Season
s291,Movie,Myth: A Frozen Tale,26-Feb-21,2021,TV-G,12 min
s292,Movie,Okavango: River of Dreams,26-Feb-21,2020,TV-PG,95 min
s293,TV Show,Pair of Kings,26-Feb-21,2010,TV-Y7,3 Seasons
s294,TV Show,Secrets of Sulphur Springs,26-Feb-21,2021,TV-PG,1 Season
s295,Movie,Shanghai Disney Resort Grand Opening Gala,26-Feb-21,2016,TV-G,24 min
s296,Movie,Cheaper By the Dozen,19-Feb-21,2003,PG,99 min
s297,Movie,Cheaper by the Dozen 2,19-Feb-21,2005,PG,95 min
s298,Movie,Flora & Ulysses,19-Feb-21,2021,PG,95 min
s299,Movie,The Book of Life,19-Feb-21,2014,PG,101 min
s300,TV Show,The Muppet Show,19-Feb-21,1976,TV-PG,5 Seasons
s301,TV Show,Marvel Battleworld: Mystery of the Thanostones,12-Feb-21,2020,TV-Y7-FV,1 Season
s302,Movie,Marvel's Behind the Mask,12-Feb-21,2021,TV-14,65 min
s303,Movie,Rodgers & Hammerstein's Cinderella,12-Feb-21,1997,G,86 min
s304,Movie,You Again,12-Feb-21,2010,PG,106 min
s305,Movie,Disney My Music Story: Yoshiki,5-Feb-21,2019,TV-PG,48 min
s306,Movie,Expedition Everest,5-Feb-21,2020,TV-PG,45 min
s307,Movie,Upside-Down Magic,5-Feb-21,2020,TV-PG,97 min
s308,TV Show,Wicked Tuna: Outer Banks,5-Feb-21,2013,TV-14,7 Seasons
s309,TV Show,Dinosaurs,29-Jan-21,1991,TV-PG,4 Seasons
s310,Movie,Texas Storm Squad,29-Jan-21,2020,TV-14,44 min
s311,TV Show,Pixar Popcorn,22-Jan-21,2021,TV-PG,1 Season
s312,Movie,Wild Uganda,22-Jan-21,2018,TV-PG,45 min
s313,TV Show,Elena of Avalor,15-Jan-21,2015,TV-Y7,3 Seasons
s314,Movie,Isle of Dogs,15-Jan-21,2018,PG-13,102 min
s315,Movie,Mary Poppins Returns,15-Jan-21,2018,PG,140 min
s316,TV Show,WandaVision,15-Jan-21,2021,TV-14,1 Season
s317,TV Show,Disney Fam Jam,8-Jan-21,2020,TV-G,1 Season
s318,Movie,Ferdinand,8-Jan-21,2017,PG,111 min
s319,TV Show,Marvel Studios LEGENDS,8-Jan-21,2021,TV-14,1 Season
s320,Movie,Toy Story: That Time Forgot,8-Jan-21,2014,TV-G,22 min
s321,Movie,700 Sharks,1-Jan-21,2018,TV-PG,45 min
s322,Movie,Big Sharks Rule,1-Jan-21,2018,TV-14,45 min
s323,Movie,Dr. Seuss' Horton Hears a Who!,1-Jan-21,2008,G,88 min
s324,Movie,Great Shark Chow Down,1-Jan-21,2019,TV-PG,45 min
s325,Movie,Mega Hammerhead,1-Jan-21,2016,TV-PG,43 min
s326,Movie,Burrow,25-Dec-20,2020,G,6 min
s327,TV Show,Cosmos: Possible Worlds,25-Dec-20,2020,TV-14,1 Season
s328,TV Show,Disney Gallery / Star Wars: The Mandalorian,25-Dec-20,2020,TV-PG,2 Seasons
s329,Movie,Max Keeble's Big Move,25-Dec-20,2001,PG,88 min
s330,Movie,Soul,25-Dec-20,2020,PG,107 min
s331,Movie,Arendelle Castle Yule Log,18-Dec-20,2020,TV-G,180 min
s332,Movie,Buried Truth of the Maya,18-Dec-20,2020,TV-PG,48 min
s333,TV Show,Disney Parks Sunrise Series,18-Dec-20,2021,TV-G,1 Season
s334,Movie,Dory's Reef Cam,18-Dec-20,2020,TV-G,182 min
s335,Movie,Into the Woods,18-Dec-20,2014,PG,126 min
s336,Movie,"Miraculous World: New York, United Heroez",18-Dec-20,2020,TV-Y7-FV,60 min
s337,TV Show,On Pointe,18-Dec-20,2020,TV-PG,1 Season
s338,TV Show,Wild Nordic,18-Dec-20,2019,TV-PG,1 Season
s339,Movie,Disney Channel's Epic Holiday Showdown,11-Dec-20,2020,TV-G,50 min
s340,Movie,Disney Holiday Magic Quest,11-Dec-20,2020,TV-G,46 min
s341,Movie,Gender Revolution: A Journey With Katie Couric,11-Dec-20,2017,TV-14,93 min
s342,Movie,High School Musical: The Musical: The Holiday Special,11-Dec-20,2020,TV-G,46 min
s343,Movie,Ralph Breaks the Internet,11-Dec-20,2018,PG,116 min
s344,Movie,Safety,11-Dec-20,2020,PG,123 min
s345,Movie,Anastasia,4-Dec-20,1997,G,95 min
s346,Movie,Godmothered,4-Dec-20,2020,PG,113 min
s347,Movie,Man vs. Shark,4-Dec-20,2019,TV-PG,45 min
s348,Movie,Mulan,4-Dec-20,2020,PG-13,117 min
s349,Movie,Sky High,4-Dec-20,2005,PG,101 min
s350,Movie,The Disney Holiday Singalong,4-Dec-20,2020,TV-G,45 min
s351,Movie,The Nutcracker and the Four Realms,4-Dec-20,2018,PG,101 min
s352,Movie,"Alexander and the Terrible, Horrible, No Good, Very Bad Day",27-Nov-20,2014,PG,83 min
s353,Movie,Black Beauty,27-Nov-20,2020,TV-PG,111 min
s354,Movie,From Our Family to Yours,27-Nov-20,2020,TV-G,3 min
s355,TV Show,Once Upon a Time in Wonderland,27-Nov-20,2013,TV-PG,1 Season
s356,TV Show,Party Animals,27-Nov-20,2016,TV-G,1 Season
s357,Movie,Folklore: the long pond studio sessions,25-Nov-20,2020,TV-14,107 min
s358,TV Show,Bia,20-Nov-20,2019,TV-G,1 Season
s359,TV Show,Marvel's 616,20-Nov-20,2020,TV-14,1 Season
s360,Movie,Planes,20-Nov-20,2013,PG,94 min
s361,Movie,Planes: Fire & Rescue,20-Nov-20,2014,PG,85 min
s362,Movie,The Real Right Stuff,20-Nov-20,2020,TV-PG,90 min
s363,TV Show,The Wonderful World of Mickey Mouse,18-Nov-20,2020,TV-G,1 Season
s364,Movie,LEGO Star Wars Holiday Special,17-Nov-20,2020,TV-Y7-FV,48 min
s365,Movie,Home Alone,13-Nov-20,1990,PG,103 min
s366,Movie,Home Alone 2: Lost in New York,13-Nov-20,1992,PG,121 min
s367,Movie,Home Alone 3,13-Nov-20,1997,PG,103 min
s368,TV Show,Inside Pixar,13-Nov-20,2020,TV-PG,1 Season
s369,Movie,Petra: Secrets of the Ancient Builders,13-Nov-20,2019,TV-G,45 min
s370,Movie,Ultimate Viking Sword,13-Nov-20,2019,TV-PG,45 min
s371,Movie,Disney's A Christmas Carol,6-Nov-20,2009,PG,97 min
s372,TV Show,Fancy Nancy (Shorts),6-Nov-20,2019,TV-Y,1 Season
s373,TV Show,Goldie & Bear,6-Nov-20,2015,TV-Y,2 Seasons
s374,Movie,Mr. Magoo,6-Nov-20,1997,PG,88 min
s375,Movie,Prep & Landing,6-Nov-20,2009,TV-G,23 min
s376,Movie,Prep & Landing: Naughty vs. Nice,6-Nov-20,2011,TV-G,23 min
s377,Movie,Disney Channel Halloween House Party,30-Oct-20,2020,TV-G,23 min
s378,TV Show,The Mandalorian,30-Oct-20,2019,TV-14,2 Seasons
s379,Movie,The Sorcerer's Apprentice,30-Oct-20,2010,PG,111 min
s380,TV Show,X-Ray Earth,30-Oct-20,2020,TV-PG,1 Season
s381,TV Show,Gathering Storm,23-Oct-20,2020,TV-PG,1 Season
s382,TV Show,India From Above,23-Oct-20,2019,TV-PG,1 Season
s383,TV Show,Marvel Super Hero Adventures,23-Oct-20,2017,TV-Y,4 Seasons
s384,Movie,Once Upon a Snowman,23-Oct-20,2020,TV-PG,12 min
s385,Movie,Pompeii: Secrets Of The Dead,23-Oct-20,2019,TV-PG,45 min
s386,Movie,Toy Story of Terror!,23-Oct-20,2013,TV-G,22 min
s387,Movie,Beverly Hills Chihuahua,16-Oct-20,2008,PG,95 min
s388,Movie,Clouds,16-Oct-20,2020,PG-13,122 min
s389,Movie,Lost on Everest,16-Oct-20,2020,TV-14,60 min
s390,Movie,Marvel's Iron Man & Captain America: Heroes United,16-Oct-20,2014,PG,72 min
s391,TV Show,Meet The Chimps,16-Oct-20,2020,TV-PG,1 Season
s392,TV Show,The Rocketeer,16-Oct-20,2019,TV-Y,1 Season
s393,Movie,Oil Spill of The Century,9-Oct-20,2019,TV-PG,45 min
s394,Movie,The Chronicles Of Narnia: The Voyage of the Dawn Treader,9-Oct-20,2010,PG,113 min
s395,TV Show,The Right Stuff,9-Oct-20,2020,TV-14,1 Season
s396,Movie,Wild Portugal,9-Oct-20,2020,TV-14,45 min
s397,Movie,X2,9-Oct-20,2003,PG-13,134 min
s398,Movie,Mr. Holland's Opus,2-Oct-20,1996,PG,143 min
s399,Movie,Disneynature Oceans,25-Sep-20,2010,G,84 min
s400,Movie,Hidden Figures,25-Sep-20,2016,PG,128 min
s401,TV Show,Magic of Disney's Animal Kingdom,25-Sep-20,2020,TV-PG,1 Season
s402,Movie,Secret Society of Second-Born Royals,25-Sep-20,2020,TV-PG,99 min
s403,Movie,The Giant Robber Crab,25-Sep-20,2019,TV-PG,44 min
s404,TV Show,Wild Central America,25-Sep-20,2020,TV-PG,1 Season
s405,TV Show,Ancient China from Above,18-Sep-20,2020,TV-14,1 Season
s406,TV Show,Becoming,18-Sep-20,2020,TV-PG,1 Season
s407,TV Show,Coop & Cami Ask The World,18-Sep-20,2018,TV-G,2 Seasons
s408,TV Show,Europe from Above,18-Sep-20,2019,TV-G,1 Season
s409,Movie,Ever After: A Cinderella Story,18-Sep-20,1998,PG-13,122 min
s410,TV Show,Kingdom of the Mummies,18-Sep-20,2020,TV-14,1 Season
s411,Movie,Morning Light,18-Sep-20,2008,PG,99 min
s412,Movie,Notre Dame: Race Against The Inferno,18-Sep-20,2019,TV-PG,45 min
s413,TV Show,Once Upon a Time,18-Sep-20,2011,TV-PG,7 Seasons
s414,TV Show,Soy Luna,18-Sep-20,2015,TV-G,3 Seasons
s415,TV Show,Violetta,18-Sep-20,2011,TV-G,3 Seasons
s416,Movie,Christopher Robin,11-Sep-20,2018,PG,109 min
s417,Movie,D2: The Mighty Ducks,4-Sep-20,1994,PG,107 min
s418,Movie,D3: The Mighty Ducks,4-Sep-20,1996,PG,104 min
s419,TV Show,Earth to Ned,4-Sep-20,2020,TV-PG,1 Season
s420,Movie,Trick or Treat,4-Sep-20,1952,TV-G,9 min
s421,Movie,Alice Through the Looking Glass,28-Aug-20,2016,PG,115 min
s422,Movie,Phineas and Ferb The Movie: Candace Against the Universe,28-Aug-20,2020,TV-G,86 min
s423,Movie,Back to the Titanic,21-Aug-20,2020,TV-PG,44 min
s424,Movie,Beauty and the Beast,21-Aug-20,2017,PG,138 min
s425,Movie,Mars: One Day on the Red Planet,21-Aug-20,2020,TV-PG,88 min
s426,Movie,The One and Only Ivan,21-Aug-20,2020,PG,95 min
s427,TV Show,"Weirdest, Bestest, Truest",21-Aug-20,2018,TV-G,1 Season
s428,TV Show,Disney Junior T.O.T.S.: Calling All T.O.T.S. (Shorts),14-Aug-20,2020,TV-Y,1 Season
s429,Movie,Disney Zombies 2,14-Aug-20,2020,TV-G,84 min
s430,Movie,India's Wild Leopards,14-Aug-20,2020,TV-14,45 min
s431,TV Show,Jungle Animal Rescue,14-Aug-20,2019,TV-PG,1 Season
s432,Movie,Magic Camp,14-Aug-20,2020,PG,101 min
s433,Movie,Marvel Studios' Ant-Man and the Wasp,14-Aug-20,2018,PG-13,120 min
s434,TV Show,Nature Boom Time,14-Aug-20,2016,TV-G,1 Season
s435,TV Show,Sam's Zookeeper Challenge,14-Aug-20,2018,TV-G,1 Season
s436,TV Show,Scuba Sam's World,14-Aug-20,2018,TV-G,1 Season
s437,TV Show,Spaced Out,14-Aug-20,2018,TV-G,1 Season
s438,Movie,The Greatest Showman,14-Aug-20,2017,PG,106 min
s439,TV Show,Weird But True!,14-Aug-20,2017,TV-G,3 Seasons
s440,TV Show,Wild Cats of India,14-Aug-20,2020,TV-PG,1 Season
s441,Movie,Howard,7-Aug-20,2020,TV-PG,95 min
s442,Movie,Prince of Persia: The Sands of Time,7-Aug-20,2010,PG-13,117 min
s443,Movie,Star Wars: Galaxy's Edge-Adventure Awaits,7-Aug-20,2019,TV-PG,81 min
s444,Movie,The Hidden Kingdoms of China,7-Aug-20,2020,TV-PG,88 min
s445,Movie,The Peanuts Movie,7-Aug-20,2015,G,89 min
s446,TV Show,UFO Europe: The Untold Stories,7-Aug-20,2012,TV-PG,1 Season
s447,TV Show,Animal Showdown,31-Jul-20,2018,TV-G,1 Season
s448,TV Show,Best Job Ever,31-Jul-20,2018,TV-G,1 Season
s449,Movie,Big Cat Games,31-Jul-20,2015,TV-PG,44 min
s450,Movie,Black Is King,31-Jul-20,2020,TV-14,86 min
s451,Movie,Cradle of the Gods,31-Jul-20,2012,TV-PG,45 min
s452,TV Show,Destination World,31-Jul-20,2018,TV-G,1 Season
s453,TV Show,Fearless Adventures with Jack Randall,31-Jul-20,2018,TV-PG,1 Season
s454,Movie,Hunt for the Abominable Snowman,31-Jul-20,2011,TV-PG,45 min
s455,Movie,Incredibles 2,31-Jul-20,2018,PG,118 min
s456,TV Show,King Fishers,31-Jul-20,2013,TV-PG,1 Season
s457,Movie,Lost Temple of the Inca,31-Jul-20,2020,TV-PG,44 min
s458,TV Show,Marvel Funko Shorts,31-Jul-20,2016,TV-Y7,2 Seasons
s459,TV Show,Muppets Now,31-Jul-20,2020,TV-PG,1 Season
s460,Movie,Surviving the Mount St. Helens Disaster,31-Jul-20,2020,TV-PG,44 min
s461,TV Show,What Sam Sees,31-Jul-20,2018,TV-G,1 Season
s462,Movie,Pirates of the Caribbean: Dead Men Tell No Tales,24-Jul-20,2017,PG-13,129 min
s463,TV Show,PJ Masks (Shorts),24-Jul-20,2017,TV-Y,1 Season
s464,TV Show,Rogue Trip,24-Jul-20,2020,TV-PG,1 Season
s465,TV Show,Wild Congo,24-Jul-20,2014,TV-PG,1 Season
s466,TV Show,Wild Sri Lanka,24-Jul-20,2016,TV-PG,1 Season
s467,Movie,A Pre-Opening Report from Disneyland,17-Jul-20,1955,TV-PG,55 min
s468,Movie,Diary of a Wimpy Kid: The Long Haul,17-Jul-20,2017,PG,92 min
s469,TV Show,Disney Junior Music Lullabies,17-Jul-20,2018,TV-Y,1 Season
s470,Movie,Lost City of Machu Picchu,17-Jul-20,2019,TV-14,44 min
s471,TV Show,Super Robot Monkey Team Hyperforce Go!,17-Jul-20,2004,TV-Y7,2 Seasons
s472,Movie,The Mouseketeers at Walt Disney World,17-Jul-20,1977,TV-PG,56 min
s473,TV Show,Wild Chile,17-Jul-20,2017,TV-PG,1 Season
s474,Movie,X-Men: Apocalypse,17-Jul-20,2016,PG-13,144 min
s475,TV Show,Cosmos: A Spacetime Odyssey,10-Jul-20,2013,TV-PG,1 Season
s476,Movie,Hamilton: History Has Its Eyes on You,10-Jul-20,2020,TV-PG,47 min
s477,Movie,Solo: A Star Wars Story,10-Jul-20,2018,PG-13,135 min
s478,Movie,X-Men: Days of Future Past,10-Jul-20,2014,PG-13,132 min
s479,Movie,The Undefeated Presents: Hamilton In-Depth,5-Jul-20,2020,TV-PG,33 min
s480,TV Show,Animal ER,3-Jul-20,2016,TV-PG,2 Seasons
s481,Movie,Diary of a Wimpy Kid: Rodrick Rules,3-Jul-20,2011,PG,100 min
s482,Movie,Hamilton,3-Jul-20,2020,PG-13,160 min
s483,Movie,Ice Age: Collision Course,3-Jul-20,2016,PG,97 min
s484,Movie,Race to Witch Mountain,3-Jul-20,2009,PG,100 min
s485,Movie,The Big Green,3-Jul-20,1995,PG,100 min
s486,Movie,The Mighty Ducks,3-Jul-20,1992,PG,104 min
s487,Movie,While You Were Sleeping,3-Jul-20,1995,PG,104 min
s488,TV Show,Disney A.N.T. Farm,26-Jun-20,2011,TV-G,3 Seasons
s489,TV Show,Into the Unknown: Making Frozen 2,26-Jun-20,2020,TV-PG,1 Season
s490,Movie,Man in Space,26-Jun-20,1955,TV-PG,49 min
s491,Movie,Mars and Beyond,26-Jun-20,1957,TV-G,53 min
s492,Movie,Marvel Studios' Avengers: Infinity War,26-Jun-20,2018,PG-13,152 min
s493,Movie,Tarzan,26-Jun-20,1999,G,93 min
s494,Movie,Tarzan II,26-Jun-20,2005,G,75 min
s495,TV Show,101 Dalmatians (Series),19-Jun-20,1997,TV-Y7,1 Season
s496,Movie,Big Sur: Wild California,19-Jun-20,2010,TV-PG,47 min
s497,TV Show,Disney Junior Muppet Babies Play Date,19-Jun-20,2018,TV-Y,1 Season
s498,Movie,Egypt's Treasure Guardians,19-Jun-20,2016,TV-PG,44 min
s499,Movie,The Jungle Book,19-Jun-20,2016,PG,108 min
s500,Movie,The Pirate Fairy,19-Jun-20,2014,G,78 min
s501,Movie,Trail Mix-Up,19-Jun-20,1993,TV-G,9 min
s502,Movie,Tummy Trouble,19-Jun-20,1989,TV-G,8 min
s503,Movie,Artemis Fowl,12-Jun-20,2020,PG,96 min
s504,TV Show,Mighty Med,12-Jun-20,2013,TV-Y7,2 Seasons
s505,Movie,The Liberty Story,12-Jun-20,1957,TV-PG,48 min
s506,Movie,The Story of the Animated Drawing,12-Jun-20,1955,TV-PG,49 min
s507,Movie,Walt & El Grupo,12-Jun-20,2009,PG,108 min
s508,TV Show,Alaska's Grizzly Gauntlet,5-Jun-20,2018,TV-PG,1 Season
s509,Movie,America's Greatest Animals,5-Jun-20,2012,TV-PG,90 min
s510,Movie,Chasing the Equinox,5-Jun-20,2019,TV-PG,45 min
s511,TV Show,Howie Mandel's Animals Doing Things,5-Jun-20,2017,TV-PG,2 Seasons
s512,TV Show,Japan: Between Earth and Sky,5-Jun-20,2017,TV-PG,1 Season
s513,Movie,Percy Jackson & The Olympians: The Lightning Thief,5-Jun-20,2010,PG,119 min
s514,TV Show,Secrets of Wild India,5-Jun-20,2012,TV-PG,1 Season
s515,TV Show,The Greeks,5-Jun-20,2016,TV-PG,1 Season
s516,TV Show,Wild Hawaii,5-Jun-20,2014,TV-PG,1 Season
s517,Movie,Women Of Impact: Changing The World,5-Jun-20,2019,TV-PG,44 min
s518,Movie,"Maggie Simpson in ""The Longest Daycare""",29-May-20,2012,PG,5 min
s519,Movie,Mickey and the Seal,29-May-20,1948,TV-G,7 min
s520,TV Show,The Evermoor Chronicles,29-May-20,2015,TV-PG,2 Seasons
s521,Movie,The Moon-Spinners,29-May-20,1964,PG,119 min
s522,TV Show,Doc McStuffins,22-May-20,2011,TV-Y7,5 Seasons
s523,Movie,Fantastic Mr. Fox,22-May-20,2009,PG,88 min
s524,Movie,"Hello, Dolly!",22-May-20,1969,G,147 min
s525,TV Show,Marvel's Future Avengers,22-May-20,2017,TV-Y7,2 Seasons
s526,Movie,Out,22-May-20,2020,PG,12 min
s527,TV Show,The Big Fib,22-May-20,2019,TV-PG,1 Season
s528,Movie,The Boys: The Sherman Brothers' Story,22-May-20,2009,PG,102 min
s529,TV Show,It's a Dog's Life with Bill Farmer,15-May-20,2020,TV-PG,1 Season
s530,Movie,Maleficent: Mistress of Evil,15-May-20,2019,PG,121 min
s531,Movie,Star Wars: The Rise of Skywalker (Episode IX),4-May-20,2019,PG-13,142 min
s532,Movie,John Carter,2-May-20,2012,PG-13,134 min
s533,TV Show,Awesome Animals,1-May-20,2017,TV-PG,1 Season
s534,TV Show,Birth of Europe,1-May-20,2014,TV-G,1 Season
s535,Movie,Bride of Boogedy,1-May-20,1987,TV-PG,93 min
s536,TV Show,Buried Secrets Of The Bible With Albert Lin,1-May-20,2019,TV-PG,1 Season
s537,TV Show,Disney Prop Culture,1-May-20,2020,TV-PG,1 Season
s538,Movie,George of the Jungle,1-May-20,1997,PG,93 min
s539,Movie,Homeward Bound II: Lost in San Francisco,1-May-20,1996,G,90 min
s540,Movie,Homeward Bound: The Incredible Journey,1-May-20,1993,G,85 min
s541,Movie,How to Play Baseball,1-May-20,1942,TV-G,8 min
s542,Movie,In Beaver Valley,1-May-20,1950,TV-PG,32 min
s543,TV Show,Lost Treasures Of Egypt,1-May-20,2018,TV-PG,1 Season
s544,TV Show,Love & Vets,1-May-20,2017,TV-PG,1 Season
s545,Movie,Nature's Half Acre,1-May-20,1951,TV-PG,33 min
s546,TV Show,Prairie Dog Manor,1-May-20,2019,TV-PG,1 Season
s547,Movie,Prowlers of the Everglades,1-May-20,1953,TV-Y7,32 min
s548,Movie,The Princess Bride,1-May-20,1987,PG,99 min
s549,TV Show,United States Of Animals,1-May-20,2015,TV-PG,1 Season
s550,TV Show,Unlikely Animal Friends,1-May-20,2012,TV-G,3 Seasons
s551,Movie,Water Birds,1-May-20,1952,TV-G,31 min
s552,Movie,National Treasure,30-Apr-20,2004,PG,132 min
s553,Movie,Born Wild: The Next Generation,28-Apr-20,2020,TV-PG,44 min
s554,TV Show,America's Funniest Home Videos,24-Apr-20,1989,TV-PG,9 Seasons
s555,Movie,The Olympic Elk,24-Apr-20,1952,TV-G,27 min
s556,TV Show,Tangled: The Series,23-Apr-20,2016,TV-Y7,3 Seasons
s557,Movie,Jane Goodall: The Hope,22-Apr-20,2020,TV-14,89 min
s558,TV Show,Brain Games,17-Apr-20,2011,TV-G,8 Seasons
s559,TV Show,Disney Mickey and the Roadster Racers - Chip 'N' Dale's Nutty Tales (Shorts),17-Apr-20,2017,TV-Y,2 Seasons
s560,Movie,Let's Stick Together,17-Apr-20,1952,TV-G,7 min
s561,Movie,Pluto's Purchase,17-Apr-20,1948,TV-G,7 min
s562,TV Show,Tron Uprising,14-Apr-20,2011,TV-Y7,1 Season
s563,Movie,A Celebration of the Music from Coco,10-Apr-20,2020,TV-PG,48 min
s564,TV Show,Disney Playtime with Puppy Dog Pals (Shorts),10-Apr-20,2017,TV-Y,2 Seasons
s565,Movie,"Maggie Simpson in ""Playdate with Destiny""",10-Apr-20,2020,G,5 min
s566,TV Show,Paradise Islands,10-Apr-20,2017,TV-PG,1 Season
s567,TV Show,Tut's Treasures: Hidden Secrets,10-Apr-20,2018,TV-PG,1 Season
s568,Movie,A Tale of Two Critters,3-Apr-20,1977,G,48 min
s569,Movie,All in a Nutshell,3-Apr-20,1949,TV-G,7 min
s570,Movie,Disneynature Penguins,3-Apr-20,2019,G,77 min
s571,Movie,Diving with Dolphins,3-Apr-20,2020,G,79 min
s572,Movie,Dolphin Reef,3-Apr-20,2018,G,78 min
s573,Movie,Don's Fountain of Youth,3-Apr-20,1953,TV-G,6 min
s574,Movie,Donald's Dog Laundry,3-Apr-20,1940,TV-G,9 min
s575,Movie,Double Dribble,3-Apr-20,1946,TV-G,8 min
s576,Movie,Dragon Around,3-Apr-20,1954,TV-G,7 min
s577,Movie,Elephant,3-Apr-20,2020,G,89 min
s578,Movie,Elmer Elephant,3-Apr-20,1936,TV-G,8 min
s579,TV Show,Fish Hooks,3-Apr-20,2010,TV-G,3 Seasons
s580,Movie,How To Play Football,3-Apr-20,1944,TV-G,9 min
s581,Movie,In the Footsteps of Elephant,3-Apr-20,2020,G,88 min
s582,Movie,"Lambert, The Sheepish Lion",3-Apr-20,1952,TV-G,8 min
s583,Movie,On Ice,3-Apr-20,1935,TV-G,9 min
s584,Movie,Onward,3-Apr-20,2020,PG,103 min
s585,Movie,Out of Scale,3-Apr-20,1951,TV-G,8 min
s586,Movie,Penguins: Life on the Edge,3-Apr-20,2020,G,78 min
s587,Movie,Pluto's Party,3-Apr-20,1952,TV-G,8 min
s588,Movie,Sea Scouts,3-Apr-20,1939,TV-PG,8 min
s589,TV Show,Sonny With A Chance,3-Apr-20,2008,TV-G,2 Seasons
s590,Movie,The Boy Who Talked to Badgers,3-Apr-20,1975,TV-PG,90 min
s591,Movie,The New Neighbor,3-Apr-20,1953,TV-G,7 min
s592,Movie,The Small One,3-Apr-20,1978,TV-PG,25 min
s593,Movie,The Straight Story,3-Apr-20,1999,G,112 min
s594,Movie,Frankenweenie,1-Apr-20,2012,PG,88 min
s595,Movie,Mars Needs Moms,1-Apr-20,2011,PG,91 min
s596,Movie,Prom,1-Apr-20,2011,PG,105 min
s597,Movie,The Last Song,1-Apr-20,2010,PG,109 min
s598,Movie,The Odd Life of Timothy Green,1-Apr-20,2012,PG,106 min
s599,TV Show,Be Our Chef,27-Mar-20,2020,TV-G,1 Season
s600,Movie,A Wrinkle in Time,25-Mar-20,2018,PG,112 min
s601,TV Show,Disney I Didn't Do It,20-Mar-20,2013,TV-G,2 Seasons
s602,TV Show,Disney Insider,20-Mar-20,2020,TV-PG,1 Season
s603,TV Show,Disney Vampirina Ghoul Girls Rock! (Shorts),20-Mar-20,2017,TV-Y7,2 Seasons
s604,Movie,G-Force,15-Mar-20,2009,PG,92 min
s605,Movie,Frozen 2,14-Mar-20,2019,PG,107 min
s606,Movie,Stargirl,13-Mar-20,2020,PG,107 min
s607,Movie,The Finest Hours,6-Mar-20,2016,PG-13,119 min
s608,Movie,The Sandlot: Heading Home,6-Mar-20,2007,PG,97 min
s609,Movie,Bedtime Stories,5-Mar-20,2008,PG,101 min
s610,Movie,Marvel Studios' Black Panther,4-Mar-20,2018,PG-13,137 min
s611,TV Show,101 Dalmatian Street,28-Feb-20,2018,TV-Y7,1 Season
s612,Movie,Disney Phineas and Ferb: Phineas and Ferb Star Wars,28-Feb-20,2014,TV-G,53 min
s613,TV Show,Shop Class,28-Feb-20,2020,TV-G,1 Season
s614,Movie,Viking Warrior Women,28-Feb-20,2019,TV-PG,44 min
s615,TV Show,Star Wars Resistance,25-Feb-20,2018,TV-Y7,2 Seasons
s616,TV Show,Lost Cities With Albert Lin,21-Feb-20,2019,TV-PG,1 Season
s617,Movie,Marvel Rising: Operation Shuri,21-Feb-20,2019,TV-Y7,23 min
s618,Movie,Marvel Rising: Playing With Fire,21-Feb-20,2019,TV-Y7,45 min
s619,TV Show,Star Wars: The Clone Wars,21-Feb-20,2008,TV-PG,7 Seasons
s620,Movie,Marvel's Iron Man & Hulk: Heroes United,16-Feb-20,2013,PG,74 min
s621,Movie,Because of Winn-Dixie,14-Feb-20,2005,PG,107 min
s622,TV Show,Fairy Tale Weddings,14-Feb-20,2017,TV-PG,2 Seasons
s623,Movie,"My Dog, the Thief",14-Feb-20,1969,TV-PG,89 min
s624,Movie,Splash,14-Feb-20,1984,TV-PG,110 min
s625,TV Show,That's So Raven,8-Feb-20,2002,TV-G,4 Seasons
s626,Movie,Timmy Failure: Mistakes Were Made,7-Feb-20,2020,PG,103 min
s627,Movie,Toy Story 4,5-Feb-20,2019,G,101 min
s628,Movie,Descendants 3,2-Feb-20,2019,TV-G,109 min
s629,Movie,Around the World in 80 Days,1-Feb-20,2004,PG,121 min
s630,Movie,Big Business,1-Feb-20,1988,PG,98 min
s631,Movie,Lamp Life,31-Jan-20,2020,TV-G,11 min
s632,Movie,The Lion King,28-Jan-20,2019,PG,125 min
s633,TV Show,Diary of a Future President,17-Jan-20,2020,TV-PG,2 Seasons
s634,TV Show,High School Musical: The Musical: The Series: The Sing-Along,17-Jan-20,2019,TV-PG,1 Season
s635,TV Show,America's National Parks,15-Jan-20,2015,TV-14,1 Season
s636,TV Show,Continent 7: Antarctica,15-Jan-20,2016,TV-PG,1 Season
s637,TV Show,Disney Randy Cunningham: 9th Grade Ninja,15-Jan-20,2011,TV-Y7,2 Seasons
s638,TV Show,Muppet Babies Show and Tell (Shorts),15-Jan-20,2017,TV-Y7,1 Season
s639,TV Show,The Lodge,15-Jan-20,2016,TV-G,2 Seasons
s640,TV Show,Wild Russia,15-Jan-20,2018,TV-PG,1 Season
s641,Movie,Destino,10-Jan-20,2003,PG,6 min
s642,Movie,Forky Asks a Question: What is Reading?,10-Jan-20,2020,TV-G,7 min
s643,Movie,Loop,10-Jan-20,2020,PG,12 min
s644,TV Show,Marvel's Runaways,10-Jan-20,2017,TV-14,3 Seasons
s645,Movie,Aladdin (2019),8-Jan-20,2019,PG,135 min
s646,Movie,Forky Asks a Question: What is Cheese?,3-Jan-20,2020,TV-G,6 min
s647,TV Show,Austin & Ally,1-Jan-20,2011,TV-G,4 Seasons
s648,TV Show,Billy Dilley's Super-Duper Subterranean Summer,1-Jan-20,2016,TV-Y7,1 Season
s649,Movie,Cars Toon: El Materdor,1-Jan-20,2008,TV-G,4 min
s650,Movie,Cars Toon: Moon Mater,1-Jan-20,2010,TV-G,4 min
s651,Movie,Cars Toon: Rescue Squad Mater,1-Jan-20,2010,TV-Y7,3 min
s652,Movie,Cars Toon: Spinning,1-Jan-20,2013,TV-G,2 min
s653,Movie,Cars Toon: Time Travel Mater,1-Jan-20,2012,TV-G,7 min
s654,Movie,Cars Toon: Tokyo Mater,1-Jan-20,2008,G,8 min
s655,Movie,Cars Toon: Unidentified Flying Mater,1-Jan-20,2010,TV-Y7,4 min
s656,Movie,Cars Toons: Bugged,1-Jan-20,2013,TV-G,2 min
s657,Movie,Cool Runnings,1-Jan-20,1993,PG,99 min
s658,Movie,Drain Alcatraz,1-Jan-20,2017,TV-PG,47 min
s659,Movie,Drain The Bermuda Triangle,1-Jan-20,2014,TV-PG,45 min
s660,Movie,Drain The Great Lakes,1-Jan-20,2011,TV-PG,45 min
s661,Movie,Drain The Ocean: WWII,1-Jan-20,2016,TV-PG,44 min
s662,Movie,Drain The Sunken Pirate City,1-Jan-20,2017,TV-14,48 min
s663,Movie,Drain The Titanic,1-Jan-20,2015,TV-PG,45 min
s664,TV Show,First Class Chefs: Family Style,1-Jan-20,2015,TV-Y7,1 Season
s665,Movie,Hacksaw,1-Jan-20,1971,TV-PG,89 min
s666,Movie,Holes,1-Jan-20,2003,PG,119 min
s667,Movie,Marvel 75 Years: From Pulp to Pop!,1-Jan-20,2014,TV-PG,42 min
s668,Movie,Marvel Rising: Battle of The Bands,1-Jan-20,2019,TV-Y7,23 min
s669,TV Show,One Strange Rock,1-Jan-20,2017,TV-PG,1 Season
s670,TV Show,Out There with Jack Randall,1-Jan-20,2019,TV-14,1 Season
s671,Movie,Super Rhino,1-Jan-20,2009,G,4 min
s672,TV Show,The Proud Family,1-Jan-20,2001,TV-G,2 Seasons
s673,TV Show,The Super Hero Squad,1-Jan-20,2009,TV-Y7,2 Seasons
s674,TV Show,Year Million,1-Jan-20,2016,TV-PG,1 Season
s675,Movie,Forky Asks a Question: What is a Pet?,27-Dec-19,2019,TV-G,7 min
s676,Movie,Star Wars: The Last Jedi (Episode VIII),26-Dec-19,2017,PG-13,152 min
s677,Movie,Forky Asks a Question: What is a Leader?,20-Dec-19,2019,TV-G,6 min
s678,Movie,George of the Jungle 2,20-Dec-19,2003,PG,89 min
s679,Movie,High School Musical: The Musical: The Series: The Special,20-Dec-19,2019,TV-G,23 min
s680,TV Show,Pick of the Litter,20-Dec-19,2019,TV-PG,1 Season
s681,Movie,Togo,20-Dec-19,2019,PG,117 min
s682,Movie,Forky Asks a Question: What is a Computer?,13-Dec-19,2019,TV-G,6 min
s683,Movie,Wind,13-Dec-19,2019,G,9 min
s684,Movie,Forky Asks a Question: What is Love?,6-Dec-19,2019,TV-G,7 min
s685,TV Show,One Day at Disney (Shorts),6-Dec-19,2019,TV-PG,1 Season
s686,Movie,Marvel Studios' Thor: Ragnarok,5-Dec-19,2017,PG-13,132 min
s687,TV Show,Disney The Lion Guard,3-Dec-19,2015,TV-Y,3 Seasons
s688,Movie,One Day at Disney,3-Dec-19,2019,TV-PG,62 min
s689,TV Show,Disney Star vs. the Forces of Evil,1-Dec-19,2014,TV-Y7,4 Seasons
s690,Movie,Expedition Amelia,1-Dec-19,2019,TV-PG,94 min
s691,Movie,Glory Road,1-Dec-19,2006,PG,119 min
s692,TV Show,Henry Hugglemonster,1-Dec-19,2012,TV-Y,2 Seasons
s693,Movie,Incredible! The Story of Dr. Pol,1-Dec-19,2015,TV-14,44 min
s694,Movie,Marvel Rising: Chasing Ghosts,1-Dec-19,2019,TV-Y7-FV,24 min
s695,Movie,Marvel Rising: Heart of Iron,1-Dec-19,2019,TV-Y7,46 min
s696,TV Show,Miles From Tomorrowland,1-Dec-19,2014,TV-Y,2 Seasons
s697,TV Show,Sheriff Callie's Wild West,1-Dec-19,2011,TV-Y,2 Seasons
s698,TV Show,Supercar Megabuild,1-Dec-19,2016,TV-PG,2 Seasons
s699,Movie,The Incredible Dr. Pol: Blue Ribbon Kids,1-Dec-19,2016,TV-PG,42 min
s700,Movie,Coco,29-Nov-19,2017,PG,105 min
s701,Movie,Coco (in Spanish),29-Nov-19,2017,PG,105 min
s702,Movie,Forky Asks a Question: What is Time?,29-Nov-19,2019,TV-G,6 min
s703,Movie,The Wonderful World of Disney Presents The Little Mermaid Live!,27-Nov-19,2019,TV-PG,84 min
s704,Movie,Forky Asks a Question: What is Art?,22-Nov-19,2019,TV-G,7 min
s705,TV Show,Mickey Mouse Roadster Racers,20-Nov-19,2017,TV-Y,2 Seasons
s706,Movie,"Happy Birthday, Mickey!",18-Nov-19,2019,TV-G,2 min
s707,Movie,Forky Asks a Question: What is a Friend?,15-Nov-19,2019,TV-G,6 min
s708,Movie,10 Things I Hate About You,12-Nov-19,1999,PG-13,98 min
s709,Movie,101 Dalmatians,12-Nov-19,1961,G,81 min
s710,Movie,101 Dalmatians II: Patch's London Adventure,12-Nov-19,2003,G,77 min
s711,Movie,102 Dalmatians,12-Nov-19,2000,G,104 min
s712,Movie,12 Dates of Christmas,12-Nov-19,2011,TV-PG,88 min
s713,Movie,"20,000 Leagues Under the Sea",12-Nov-19,1954,G,127 min
s714,Movie,A Bug's Life,12-Nov-19,1998,G,98 min
s715,Movie,A Goofy Movie,12-Nov-19,1995,G,81 min
s716,Movie,A Kid in King Arthur's Court,12-Nov-19,1995,PG,90 min
s717,Movie,A Knight for a Day,12-Nov-19,1946,TV-G,7 min
s718,Movie,A Ring of Endless Light,12-Nov-19,2002,TV-G,88 min
s719,Movie,Aladdin (1992),12-Nov-19,1992,G,94 min
s720,Movie,Aladdin and the King of Thieves,12-Nov-19,1996,G,86 min
s721,Movie,Aladdin: The Return of Jafar,12-Nov-19,1994,G,71 min
s722,Movie,Alice in Wonderland,12-Nov-19,1951,G,79 min
s723,Movie,Aliens of the Deep,12-Nov-19,2005,G,100 min
s724,Movie,Alley Cats Strike!,12-Nov-19,2000,TV-G,87 min
s725,Movie,Almost Angels,12-Nov-19,1962,TV-PG,90 min
s726,Movie,America's Heart & Soul,12-Nov-19,2004,PG,88 min
s727,Movie,Amy,12-Nov-19,1981,G,100 min
s728,Movie,An Extremely Goofy Movie,12-Nov-19,2000,G,81 min
s729,TV Show,Andi Mack,12-Nov-19,2016,TV-G,3 Seasons
s730,Movie,Annie,12-Nov-19,1999,TV-PG,91 min
s731,Movie,Apollo: Missions To The Moon,12-Nov-19,2019,TV-PG,95 min
s732,Movie,Atlantis Rising,12-Nov-19,2017,TV-PG,94 min
s733,Movie,Atlantis: Milo's Return,12-Nov-19,2003,G,83 min
s734,Movie,Atlantis: The Lost Empire,12-Nov-19,2001,PG,98 min
s735,Movie,Auntie Edna,12-Nov-19,2018,TV-G,7 min
s736,Movie,Avatar,12-Nov-19,2009,PG-13,162 min
s737,Movie,Babes in the Woods,12-Nov-19,1932,TV-Y7,8 min
s738,Movie,Babes in Toyland,12-Nov-19,1961,TV-PG,106 min
s739,Movie,Bambi,12-Nov-19,1942,G,72 min
s740,Movie,Bambi II,12-Nov-19,2006,G,75 min
s741,Movie,Bao,12-Nov-19,2018,G,8 min
s742,Movie,Beach Picnic,12-Nov-19,1939,TV-G,9 min
s743,Movie,Bearly Asleep,12-Nov-19,1955,TV-PG,7 min
s744,Movie,Beauty and the Beast: Belle's Magical World,12-Nov-19,1998,G,71 min
s745,Movie,Beauty and the Beast: The Enchanted Christmas,12-Nov-19,1997,G,73 min
s746,Movie,Beezy Bear,12-Nov-19,1955,TV-G,7 min
s747,Movie,Before the Flood,12-Nov-19,2016,TV-14,96 min
s748,Movie,Benji the Hunted,12-Nov-19,1987,G,89 min
s749,TV Show,Best Friends Whenever,12-Nov-19,2015,TV-G,2 Seasons
s750,TV Show,Big City Greens (Shorts),12-Nov-19,2017,TV-Y7,1 Season
s751,Movie,Big Hero 6,12-Nov-19,2014,PG,105 min
s752,TV Show,Big Hero 6 The Series (Shorts),12-Nov-19,2017,TV-Y7,2 Seasons
s753,Movie,Bizarre Dinosaurs,12-Nov-19,2009,TV-PG,46 min
s754,Movie,Blank Check,12-Nov-19,1994,PG,94 min
s755,Movie,Boat Builders,12-Nov-19,1938,TV-G,8 min
s756,Movie,Bolt,12-Nov-19,2008,PG,98 min
s757,Movie,Bone Bandit,12-Nov-19,1948,TV-G,7 min
s758,TV Show,Bonkers,12-Nov-19,1993,TV-G,1 Season
s759,Movie,Boundin',12-Nov-19,2004,G,6 min
s760,TV Show,Boy Meets World,12-Nov-19,1993,TV-PG,7 Seasons
s761,Movie,Brave,12-Nov-19,2012,PG,94 min
s762,Movie,Brave Little Toaster to the Rescue,12-Nov-19,1999,TV-G,75 min
s763,Movie,Breaking2,12-Nov-19,2017,TV-PG,55 min
s764,Movie,Brink!,12-Nov-19,1998,TV-G,90 min
s765,Movie,Brother Bear,12-Nov-19,2003,G,90 min
s766,Movie,Brother Bear 2,12-Nov-19,2006,G,78 min
s767,Movie,Buffalo Dreams,12-Nov-19,2005,TV-G,90 min
s768,TV Show,Bug Juice: My Adventures at Camp,12-Nov-19,2017,TV-G,1 Season
s769,Movie,BURN-E,12-Nov-19,2008,TV-G,8 min
s770,Movie,Cadet Kelly,12-Nov-19,2002,TV-G,100 min
s771,Movie,Camp Nowhere,12-Nov-19,1994,PG,96 min
s772,Movie,Camp Rock,12-Nov-19,2008,TV-G,96 min
s773,Movie,Camp Rock 2: The Final Jam,12-Nov-19,2010,TV-G,101 min
s774,Movie,Can of Worms,12-Nov-19,1999,TV-PG,84 min
s775,Movie,Candleshoe,12-Nov-19,1978,G,101 min
s776,Movie,Canine Caddy,12-Nov-19,1941,TV-G,8 min
s777,Movie,Cars,12-Nov-19,2006,G,117 min
s778,Movie,Cars 2,12-Nov-19,2011,G,107 min
s779,Movie,Cars 3,12-Nov-19,2017,G,103 min
s780,Movie,Cars Toon: Air Mater,12-Nov-19,2011,TV-G,5 min
s781,Movie,Cars Toon: Heavy Metal Mater,12-Nov-19,2010,TV-G,5 min
s782,Movie,Cars Toon: Hiccups,12-Nov-19,2013,TV-G,3 min
s783,Movie,Cars Toon: Mater Private Eye,12-Nov-19,2010,TV-Y7,6 min
s784,Movie,Cars Toon: Mater the Greater,12-Nov-19,2008,TV-Y7,5 min
s785,Movie,Cars Toon: Monster Truck Mater,12-Nov-19,2010,TV-Y7,6 min
s786,Movie,Cars Toon: The Radiator Springs 500 1/2,12-Nov-19,2014,TV-Y7,6 min
s787,Movie,Casebusters,12-Nov-19,1986,TV-PG,46 min
s788,Movie,Cheetah,12-Nov-19,1989,G,84 min
s789,Movie,Chef Donald,12-Nov-19,1941,TV-G,8 min
s790,Movie,Chicken Little,12-Nov-19,2005,G,84 min
s791,TV Show,Chip 'n Dale's Rescue Rangers,12-Nov-19,1989,TV-G,1 Season
s792,Movie,Chip an' Dale,12-Nov-19,1947,TV-G,7 min
s793,Movie,Cinderella,12-Nov-19,1950,G,77 min
s794,Movie,Cinderella II: Dreams Come True,12-Nov-19,2002,G,77 min
s795,Movie,Cinderella III: A Twist in Time,12-Nov-19,2007,G,79 min
s796,Movie,Clock Cleaners,12-Nov-19,1937,TV-G,9 min
s797,Movie,Cloud 9,12-Nov-19,2014,TV-G,89 min
s798,Movie,College Road Trip,12-Nov-19,2008,G,84 min
s799,Movie,Confessions of a Teenage Drama Queen,12-Nov-19,2004,PG,91 min
s800,TV Show,Coop & Cami Ask The World (Shorts),12-Nov-19,2018,TV-G,1 Season
s801,Movie,Corn Chips,12-Nov-19,1951,TV-G,7 min
s802,Movie,Cow Belles,12-Nov-19,2006,TV-G,91 min
s803,TV Show,Crash & Bernstein,12-Nov-19,2012,TV-Y7,2 Seasons
s804,Movie,Dadnapped,12-Nov-19,2009,TV-G,85 min
s805,Movie,Darby O'Gill and the Little People,12-Nov-19,1959,G,91 min
s806,TV Show,Darkwing Duck,12-Nov-19,1991,TV-Y7,2 Seasons
s807,Movie,Davy Crockett and the River Pirates,12-Nov-19,1956,G,81 min
s808,Movie,"Davy Crockett, King of the Wild Frontier",12-Nov-19,1955,PG,93 min
s809,Movie,Day & Night,12-Nov-19,2010,G,8 min
s810,Movie,Decorating Disney: Holiday Magic,12-Nov-19,2017,TV-PG,42 min
s811,Movie,Deep Blue,12-Nov-19,2005,G,91 min
s812,Movie,Descendants 2,12-Nov-19,2017,TV-G,114 min
s813,Movie,Diary Of A Wimpy Kid,12-Nov-19,2010,PG,93 min
s814,Movie,Dinosaur,12-Nov-19,2000,PG,84 min
s815,Movie,Disney Adventures in Babysitting,12-Nov-19,2016,TV-G,95 min
s816,Movie,Disney Avalon High,12-Nov-19,2010,TV-G,91 min
s817,Movie,Disney Bad Hair Day,12-Nov-19,2015,TV-G,93 min
s818,TV Show,Disney Bizaardvark,12-Nov-19,2015,TV-PG,3 Seasons
s819,Movie,Disney Den Brother,12-Nov-19,2010,TV-G,90 min
s820,Movie,Disney Descendants,12-Nov-19,2015,TV-G,114 min
s821,TV Show,Disney Descendants Wicked World (Shorts),12-Nov-19,2015,TV-G,2 Seasons
s822,TV Show,Disney DuckTales (Shorts),12-Nov-19,2016,TV-Y7,1 Season
s823,TV Show,Disney Evermoor,12-Nov-19,2017,TV-PG,1 Season
s824,TV Show,Disney Family Sundays,12-Nov-19,2019,TV-G,1 Season
s825,TV Show,Disney Fast Layne,12-Nov-19,2018,TV-G,1 Season
s826,Movie,Disney Girl vs. Monster,12-Nov-19,2012,TV-PG,90 min
s827,TV Show,Disney Gravity Falls,12-Nov-19,2011,TV-Y7,2 Seasons
s828,TV Show,Disney Gravity Falls (Shorts),12-Nov-19,2012,TV-G,1 Season
s829,TV Show,Disney Jake and the Never Land Pirates,12-Nov-19,2010,TV-Y,4 Seasons
s830,TV Show,Disney JONAS,12-Nov-19,2008,TV-G,2 Seasons
s831,TV Show,Disney Junior Music Nursery Rhymes,12-Nov-19,2017,TV-Y,2 Seasons
s832,TV Show,Disney K.C. Undercover,12-Nov-19,2014,TV-Y7,3 Seasons
s833,TV Show,Disney Lab Rats: Elite Force,12-Nov-19,2015,TV-Y7,1 Season
s834,TV Show,Disney Legend of the Three Caballeros,12-Nov-19,2017,TV-G,1 Season
s835,TV Show,Disney Mickey Mouse Clubhouse,12-Nov-19,2005,TV-Y,5 Seasons
s836,TV Show,Disney Milo Murphy's Law,12-Nov-19,2016,TV-Y7,2 Seasons
s837,TV Show,Disney Minnie's Bow-Toons (Shorts),12-Nov-19,2011,TV-Y,3 Seasons
s838,TV Show,Disney Stuck In The Middle,12-Nov-19,2015,TV-PG,3 Seasons
s839,TV Show,Disney Take Two With Phineas And Ferb (Shorts),12-Nov-19,2010,TV-G,1 Season
s840,TV Show,Disney Tangled: The Series - Short Cuts,12-Nov-19,2016,TV-Y7,1 Season
s841,Movie,Disney Under The Sea: A Descendants Short Story,12-Nov-19,2018,TV-G,10 min
s842,TV Show,Disney's Adventures Of The Gummi Bears,12-Nov-19,1985,TV-Y7,6 Seasons
s843,TV Show,Disney's Doug,12-Nov-19,1996,TV-Y7,3 Seasons
s844,Movie,Disney's Fairy Tale Weddings,12-Nov-19,2017,TV-PG,64 min
s845,Movie,Disney's Fairy Tale Weddings: Holiday Magic,12-Nov-19,2017,TV-PG,42 min
s846,TV Show,Disney's Hercules: The Animated Series,12-Nov-19,1998,TV-Y7,1 Season
s847,TV Show,Disney's Kim Possible,12-Nov-19,2001,TV-G,4 Seasons
s848,TV Show,Disney's Little Einsteins,12-Nov-19,2005,TV-Y,2 Seasons
s849,TV Show,Disney's Mighty Ducks,12-Nov-19,1996,TV-Y7,1 Season
s850,TV Show,Disney's Recess,12-Nov-19,1997,TV-Y7,3 Seasons
s851,TV Show,Disney's The Emperor's New School,12-Nov-19,2005,TV-G,2 Seasons
s852,Movie,Disney's The Kid,12-Nov-19,2000,PG,105 min
s853,TV Show,Disney's The Little Mermaid (Series),12-Nov-19,1992,TV-Y7,3 Seasons
s854,Movie,Disneyland Around the Seasons (Walt Disney's Wonderful World of Color: 1961-69),12-Nov-19,1966,TV-PG,51 min
s855,Movie,Disneynature African Cats,12-Nov-19,2011,G,90 min
s856,Movie,Disneynature Bears,12-Nov-19,2014,G,78 min
s857,Movie,Disneynature Born in China,12-Nov-19,2017,G,81 min
s858,Movie,Disneynature Chimpanzee,12-Nov-19,2012,G,79 min
s859,Movie,Disneynature Crimson Wing,12-Nov-19,2008,G,78 min
s860,Movie,Disneynature Monkey Kingdom,12-Nov-19,2015,G,82 min
s861,Movie,Disneynature Wings of Life,12-Nov-19,2011,G,81 min
s862,TV Show,Dog Whisperer with Cesar Millan,12-Nov-19,2004,TV-G,6 Seasons
s863,Movie,Don't Look Under the Bed,12-Nov-19,1999,TV-PG,93 min
s864,Movie,Donald's Golf Game,12-Nov-19,1938,TV-G,8 min
s865,Movie,Donald's Tire Trouble,12-Nov-19,1943,TV-G,8 min
s866,Movie,Double Teamed,12-Nov-19,2002,TV-G,93 min
s867,Movie,Doug's 1st Movie,12-Nov-19,1999,G,80 min
s868,TV Show,"Dr. T, Lone Star Vet",12-Nov-19,2019,TV-PG,1 Season
s869,Movie,DuckTales The Movie: Treasure of the Lost Lamp,12-Nov-19,1990,G,75 min
s870,Movie,Dug's Special Mission,12-Nov-19,2009,TV-PG,6 min
s871,Movie,Dumbo,12-Nov-19,2019,PG,117 min
s872,Movie,Early to Bed,12-Nov-19,1941,TV-G,9 min
s873,Movie,Earth Live,12-Nov-19,2017,TV-PG,94 min
s874,Movie,Easter Island Unsolved,12-Nov-19,2018,TV-14,45 min
s875,Movie,Eddie's Million Dollar Cook-off,12-Nov-19,2003,TV-G,86 min
s876,Movie,Eight Below,12-Nov-19,2006,PG,122 min
s877,TV Show,Elena of Avalor (Shorts),12-Nov-19,2017,TV-Y,2 Seasons
s878,Movie,Emil and the Detectives,12-Nov-19,1964,TV-PG,98 min
s879,Movie,Empire of Dreams: The Story of the Star Wars Trilogy,12-Nov-19,2004,TV-14,151 min
s880,TV Show,Encore!,12-Nov-19,2019,TV-14,1 Season
s881,Movie,Escape to Witch Mountain,12-Nov-19,1975,G,98 min
s882,TV Show,Even Stevens,12-Nov-19,2000,TV-PG,3 Seasons
s883,Movie,Expedition Mars: Spirit & Opportunity,12-Nov-19,2019,TV-PG,88 min
s884,Movie,Fantasia,12-Nov-19,1940,G,126 min
s885,Movie,Fantasia 2000,12-Nov-19,2000,G,76 min
s886,TV Show,Fantastic Four (Series),12-Nov-19,1994,TV-Y7,1 Season
s887,TV Show,Fantastic Four: World's Greatest Heroes,12-Nov-19,2007,TV-Y7,1 Season
s888,Movie,Ferdinand the Bull,12-Nov-19,1938,TV-G,8 min
s889,Movie,Finding Dory,12-Nov-19,2016,PG,98 min
s890,Movie,Finding Nemo,12-Nov-19,2003,G,103 min
s891,Movie,First Kid,12-Nov-19,1996,PG,102 min
s892,Movie,Flight of the Navigator,12-Nov-19,1986,PG,90 min
s893,Movie,Float,12-Nov-19,2019,PG,10 min
s894,Movie,Flowers and Trees,12-Nov-19,1932,TV-Y7,8 min
s895,Movie,Flubber,12-Nov-19,1997,PG,96 min
s896,Movie,Food for Feudin',12-Nov-19,1950,TV-G,7 min
s897,Movie,For the Birds,12-Nov-19,2001,G,4 min
s898,Movie,Forky Asks a Question: What is Money?,12-Nov-19,2019,TV-G,6 min
s899,Movie,Frank and Ollie,12-Nov-19,1995,PG,89 min
s900,Movie,Frankenweenie (Short),12-Nov-19,1984,PG,27 min
s901,Movie,Freaky Friday,12-Nov-19,2003,PG,98 min
s902,Movie,Free Solo,12-Nov-19,2018,TV-PG,101 min
s903,Movie,Frenemies,12-Nov-19,2012,TV-G,88 min
s904,Movie,Frozen,12-Nov-19,2013,PG,105 min
s905,Movie,Full-Court Miracle,12-Nov-19,2003,TV-G,95 min
s906,Movie,Fun and Fancy Free,12-Nov-19,1947,G,74 min
s907,Movie,Fuzzbucket,12-Nov-19,1986,TV-G,46 min
s908,TV Show,Gargoyles,12-Nov-19,1994,TV-Y7,3 Seasons
s909,Movie,Geek Charming,12-Nov-19,2011,TV-G,99 min
s910,Movie,Genius,12-Nov-19,1999,TV-G,86 min
s911,Movie,George & A.J.,12-Nov-19,2009,TV-G,4 min
s912,Movie,Geri's Game,12-Nov-19,1997,G,5 min
s913,Movie,Get a Clue,12-Nov-19,2002,TV-G,84 min
s914,Movie,Giants of the Deep Blue,12-Nov-19,2018,TV-PG,45 min
s915,TV Show,Girl Meets World,12-Nov-19,2013,TV-G,3 Seasons
s916,Movie,Go Figure,12-Nov-19,2005,TV-G,89 min
s917,Movie,Going to the Mat,12-Nov-19,2004,TV-G,92 min
s918,TV Show,Good Luck Charlie,12-Nov-19,2009,TV-G,4 Seasons
s919,Movie,"Good Luck Charlie, It's Christmas!",12-Nov-19,2011,TV-G,82 min
s920,TV Show,Goof Troop,12-Nov-19,1992,TV-Y7,1 Season
s921,Movie,Gotta Kick it Up,12-Nov-19,2002,TV-G,85 min
s922,Movie,Grand Canyonscope,12-Nov-19,1954,TV-G,7 min
s923,Movie,Grasshopper and the Ants,12-Nov-19,1934,TV-G,8 min
s924,TV Show,Great Migrations,12-Nov-19,2010,TV-PG,1 Season
s925,Movie,Greyfriars Bobby,12-Nov-19,1961,TV-G,91 min
s926,Movie,Gus,12-Nov-19,1976,G,97 min
s927,Movie,Halloweentown,12-Nov-19,1998,TV-PG,84 min
s928,Movie,Halloweentown High,12-Nov-19,2004,TV-G,83 min
s929,Movie,Halloweentown II: Kalabar's Revenge,12-Nov-19,2001,TV-PG,81 min
s930,TV Show,Handy Manny,12-Nov-19,2006,TV-Y,3 Seasons
s931,TV Show,Hannah Montana,12-Nov-19,2005,TV-G,4 Seasons
s932,Movie,Hannah Montana and Miley Cyrus: Best of Both Worlds Concert,12-Nov-19,2008,G,83 min
s933,Movie,Hannah Montana The Movie,12-Nov-19,2009,G,105 min
s934,Movie,Hatching Pete,12-Nov-19,2009,TV-G,90 min
s935,Movie,Hawaiian Holiday,12-Nov-19,1937,TV-G,9 min
s936,Movie,Heavyweights,12-Nov-19,1995,PG,98 min
s937,Movie,Herbie Goes Bananas,12-Nov-19,1980,G,93 min
s938,Movie,Herbie Goes to Monte Carlo,12-Nov-19,1977,G,105 min
s939,Movie,Herbie Rides Again,12-Nov-19,1974,G,89 min
s940,Movie,Hercules,12-Nov-19,1997,G,98 min
s941,Movie,High School Musical,12-Nov-19,2006,TV-G,100 min
s942,Movie,High School Musical 2,12-Nov-19,2007,TV-G,114 min
s943,Movie,High School Musical 3: Senior Year,12-Nov-19,2008,G,121 min
s944,TV Show,High School Musical: The Musical: The Series,12-Nov-19,2019,TV-PG,2 Seasons
s945,Movie,Hocus Pocus,12-Nov-19,1993,PG,96 min
s946,Movie,Home on the Range,12-Nov-19,2004,PG,82 min
s947,Movie,"Honey, I Blew Up the Kid",12-Nov-19,1992,PG,90 min
s948,Movie,"Honey, I Shrunk the Kids",12-Nov-19,1989,PG,94 min
s949,Movie,"Honey, We Shrunk Ourselves",12-Nov-19,1997,PG,76 min
s950,Movie,Horse Sense,12-Nov-19,1999,TV-G,92 min
s951,TV Show,Hostile Planet,12-Nov-19,2019,TV-PG,1 Season
s952,Movie,Hounded,12-Nov-19,2001,TV-G,92 min
s953,Movie,How Dogs Got Their Shapes,12-Nov-19,2016,TV-PG,44 min
s954,Movie,How to Build a Better Boy,12-Nov-19,2014,TV-G,94 min
s955,Movie,How to Fish,12-Nov-19,1942,TV-G,7 min
s956,Movie,How to Swim,12-Nov-19,1942,TV-G,8 min
s957,TV Show,Hulk and the Agents of S.M.A.S.H.,12-Nov-19,2012,TV-Y7,2 Seasons
s958,Movie,I'll Be Home for Christmas,12-Nov-19,1998,PG,87 min
s959,Movie,Ice Age: The Great Egg-Scapade,12-Nov-19,2016,TV-G,26 min
s960,Movie,Ice Princess,12-Nov-19,2005,G,99 min
s961,Movie,Inner Workings,12-Nov-19,2016,G,6 min
s962,Movie,Inside Out,12-Nov-19,2015,PG,95 min
s963,Movie,Inspector Gadget,12-Nov-19,1999,PG,80 min
s964,Movie,Inspector Gadget 2,12-Nov-19,2003,G,90 min
s965,Movie,Into the Grand Canyon,12-Nov-19,2019,TV-PG,82 min
s966,Movie,Into the Okavango,12-Nov-19,2018,TV-PG,94 min
s967,Movie,Invincible,12-Nov-19,2006,PG,105 min
s968,Movie,Invisible Sister,12-Nov-19,2015,TV-G,79 min
s969,TV Show,Iron Man (Series),12-Nov-19,1994,TV-Y7,1 Season
s970,TV Show,Iron Man Armored Adventures,12-Nov-19,2008,TV-G,2 Seasons
s971,Movie,Iron Will,12-Nov-19,1994,PG,109 min
s972,Movie,Jack,12-Nov-19,1996,PG-13,113 min
s973,Movie,Jack-Jack Attack,12-Nov-19,2005,G,6 min
s974,Movie,James and the Giant Peach,12-Nov-19,1996,PG,81 min
s975,Movie,Jane,12-Nov-19,2017,PG,90 min
s976,TV Show,Jessie,12-Nov-19,2011,TV-PG,4 Seasons
s977,Movie,Jingle Pols,12-Nov-19,2013,TV-14,45 min
s978,Movie,Johnny Kapahala: Back on Board,12-Nov-19,2007,TV-G,93 min
s979,Movie,Johnny Tsunami,12-Nov-19,1999,TV-G,92 min
s980,Movie,Jonas Brothers: The Concert Experience,12-Nov-19,2009,G,89 min
s981,Movie,Journey to Shark Eden,12-Nov-19,2010,TV-G,47 min
s982,Movie,Journey to the Center of the Earth,12-Nov-19,1959,G,130 min
s983,Movie,Jump In!,12-Nov-19,2007,TV-G,86 min
s984,Movie,Jumping Ship,12-Nov-19,2001,TV-G,93 min
s985,Movie,Jungle 2 Jungle,12-Nov-19,1997,PG,105 min
s986,Movie,Jungle Cat,12-Nov-19,1960,TV-PG,70 min
s987,Movie,Kazaam,12-Nov-19,1996,PG,94 min
s988,TV Show,Kickin' It,12-Nov-19,2010,TV-PG,4 Seasons
s989,Movie,Kim Possible,12-Nov-19,2019,TV-G,88 min
s990,Movie,Kim Possible Movie: So the Drama,12-Nov-19,2005,TV-G,70 min
s991,Movie,Kingdom of the Apes: Battle Lines,12-Nov-19,2017,TV-PG,44 min
s992,Movie,Kingdom of the Blue Whale,12-Nov-19,2009,TV-PG,94 min
s993,TV Show,Kingdom of the White Wolf,12-Nov-19,2019,TV-PG,1 Season
s994,Movie,Kitbull,12-Nov-19,2019,PG,9 min
s995,Movie,Knick Knack Theatrical Short,12-Nov-19,2003,G,4 min
s996,Movie,Kronk's New Groove,12-Nov-19,2005,G,78 min
s997,Movie,La Luna,12-Nov-19,2012,G,7 min
s998,TV Show,Lab Rats,12-Nov-19,2011,TV-Y7,4 Seasons
s999,Movie,Lady and the Tramp,12-Nov-19,2019,PG,111 min
s1000,Movie,Lava,12-Nov-19,2015,G,9 min
s1001,TV Show,LEGO Disney Frozen: Northern Lights (Shorts),12-Nov-19,2016,TV-Y7,1 Season
s1002,TV Show,LEGO Star Wars: All Stars,12-Nov-19,2018,TV-Y7,1 Season
s1003,TV Show,LEGO Star Wars: All Stars (Shorts),12-Nov-19,2018,TV-Y7,1 Season
s1004,TV Show,LEGO Star Wars: Droid Tales,12-Nov-19,2014,TV-Y7,1 Season
s1005,TV Show,LEGO Star Wars: Resistance Rises (Shorts),12-Nov-19,2015,TV-Y7-FV,1 Season
s1006,TV Show,LEGO Star Wars: The Freemaker Adventures,12-Nov-19,2015,TV-Y7,2 Seasons
s1007,TV Show,LEGO Star Wars: The Freemaker Adventures (Shorts),12-Nov-19,2016,TV-Y7,1 Season
s1008,Movie,LEGO Star Wars: The New Yoda Chronicles - Clash of the Skywalkers,12-Nov-19,2014,TV-Y7,24 min
s1009,Movie,LEGO Star Wars: The New Yoda Chronicles - Raid on Coruscant,12-Nov-19,2014,TV-Y7,24 min
s1010,Movie,LEGO Star Wars: The New Yoda Chronicles – Duel of the Skywalkers,12-Nov-19,2014,TV-Y7,24 min
s1011,Movie,LEGO Star Wars: The New Yoda Chronicles – Escape from the Jedi Temple,12-Nov-19,2014,TV-Y7,24 min
s1012,Movie,LEGO Star Wars: The New Yoda Chronicles – Race for the Holocrons,12-Nov-19,2014,TV-Y7,24 min
s1013,Movie,Lemonade Mouth,12-Nov-19,2011,TV-G,110 min
s1014,Movie,Lend a Paw,12-Nov-19,1941,TV-Y7,8 min
s1015,Movie,Leroy & Stitch,12-Nov-19,2006,G,76 min
s1016,Movie,Let it Shine,12-Nov-19,2012,TV-G,103 min
s1017,Movie,Life is Ruff,12-Nov-19,2005,TV-G,85 min
s1018,Movie,Life With Mikey,12-Nov-19,1993,PG,92 min
s1019,Movie,Life-Size 2,12-Nov-19,2018,TV-14,82 min
s1020,Movie,Lifted,12-Nov-19,2006,G,5 min
s1021,Movie,Lilo & Stitch,12-Nov-19,2002,TV-PG,86 min
s1022,Movie,Lilo & Stitch 2: Stitch Has a Glitch,12-Nov-19,2005,PG,70 min
s1023,TV Show,Lizzie McGuire,12-Nov-19,2000,TV-G,2 Seasons
s1024,Movie,Lonesome Ghosts,12-Nov-19,1937,TV-Y7,9 min
s1025,TV Show,Lost Treasures of the Maya,12-Nov-19,2018,TV-PG,1 Season
s1026,Movie,Lou,12-Nov-19,2017,G,7 min
s1027,Movie,Luck of the Irish,12-Nov-19,2001,TV-G,86 min
s1028,Movie,Luxo Jr.,12-Nov-19,1986,G,2 min
s1029,Movie,Magician Mickey,12-Nov-19,1937,TV-PG,8 min
s1030,Movie,Mail Dog,12-Nov-19,1947,TV-G,7 min
s1031,Movie,Man Among Cheetahs,12-Nov-19,2017,TV-PG,44 min
s1032,Movie,Mars: Inside SpaceX,12-Nov-19,2018,TV-PG,47 min
s1033,TV Show,Marvel Comics X-Men,12-Nov-19,1992,TV-Y7,5 Seasons
s1034,TV Show,Marvel Rising: Initiation (Shorts),12-Nov-19,2017,TV-Y7,1 Season
s1035,Movie,Marvel Rising: Secret Warriors,12-Nov-19,2018,TV-Y7-FV,80 min
s1036,Movie,Marvel Studios: Assembling A Universe,12-Nov-19,2014,TV-PG,43 min
s1037,Movie,Marvel Studios: Expanding the Universe,12-Nov-19,2019,TV-PG,13 min
s1038,Movie,Marvel Studios' Ant-Man,12-Nov-19,2015,PG-13,119 min
s1039,Movie,Marvel Studios' Avengers: Age of Ultron,12-Nov-19,2015,PG-13,143 min
s1040,Movie,Marvel Studios' Avengers: Endgame,12-Nov-19,2019,PG-13,183 min
s1041,Movie,Marvel Studios' Captain America: Civil War,12-Nov-19,2016,PG-13,150 min
s1042,Movie,Marvel Studios' Captain America: The First Avenger,12-Nov-19,2011,PG-13,126 min
s1043,Movie,Marvel Studios' Captain America: The Winter Soldier,12-Nov-19,2014,PG-13,138 min
s1044,Movie,Marvel Studios' Captain Marvel,12-Nov-19,2019,PG-13,126 min
s1045,Movie,Marvel Studios' Doctor Strange,12-Nov-19,2016,PG-13,116 min
s1046,Movie,Marvel Studios' Guardians of the Galaxy,12-Nov-19,2014,PG-13,122 min
s1047,Movie,Marvel Studios' Guardians of the Galaxy Vol. 2,12-Nov-19,2017,PG-13,137 min
s1048,Movie,Marvel Studios' Iron Man,12-Nov-19,2008,PG-13,127 min
s1049,Movie,Marvel Studios' Iron Man 2,12-Nov-19,2010,PG-13,125 min
s1050,Movie,Marvel Studios' Iron Man 3,12-Nov-19,2013,PG-13,132 min
s1051,Movie,Marvel Studios' The Avengers,12-Nov-19,2012,PG-13,145 min
s1052,Movie,Marvel Studios' Thor,12-Nov-19,2011,PG-13,116 min
s1053,Movie,Marvel Studios' Thor: The Dark World,12-Nov-19,2013,PG-13,114 min
s1054,TV Show,Marvel Ultimate Spider-Man,12-Nov-19,2011,TV-Y7,4 Seasons
s1055,TV Show,Marvel's Agent Carter,12-Nov-19,2014,TV-14,2 Seasons
s1056,TV Show,Marvel's Ant-Man (Shorts),12-Nov-19,2016,TV-Y7,1 Season
s1057,TV Show,Marvel's Avengers Assemble,12-Nov-19,2012,TV-Y7,5 Seasons
s1058,TV Show,Marvel's Avengers: Secret Wars (Shorts),12-Nov-19,2016,TV-Y7,1 Season
s1059,TV Show,Marvel's Guardians of the Galaxy (Series),12-Nov-19,2015,TV-Y7,3 Seasons
s1060,TV Show,Marvel's Guardians of the Galaxy (Shorts),12-Nov-19,2014,TV-Y7,2 Seasons
s1061,TV Show,Marvel's Hero Project,12-Nov-19,2019,TV-PG,1 Season
s1062,TV Show,Marvel's Inhumans,12-Nov-19,2017,TV-14,1 Season
s1063,TV Show,Marvel's Rocket & Groot (Shorts),12-Nov-19,2016,TV-Y7,1 Season
s1064,TV Show,Marvel's Ultimate Comics,12-Nov-19,2016,TV-Y7,1 Season
s1065,Movie,Mary Poppins,12-Nov-19,1964,G,142 min
s1066,Movie,Mater and the Ghostlight,12-Nov-19,2006,TV-Y7,8 min
s1067,Movie,Meet the Deedles,12-Nov-19,1998,PG,94 min
s1068,Movie,Meet the Robinsons,12-Nov-19,2007,G,97 min
s1069,Movie,Melody Time,12-Nov-19,1948,TV-PG,76 min
s1070,Movie,Mickey Down Under,12-Nov-19,1948,TV-G,7 min
s1071,TV Show,Mickey Mouse (Shorts),12-Nov-19,2012,TV-G,5 Seasons
s1072,TV Show,Mickey Mouse Club (1955-59),12-Nov-19,1955,TV-PG,1 Season
s1073,Movie,"Mickey, Donald, Goofy: The Three Musketeers",12-Nov-19,2004,G,71 min
s1074,Movie,Mickey's Birthday Party,12-Nov-19,1942,TV-G,9 min
s1075,Movie,Mickey's Christmas Carol,12-Nov-19,1983,G,26 min
s1076,Movie,Mickey's Delayed Date,12-Nov-19,1947,TV-G,7 min
s1077,Movie,Mickey's Once Upon a Christmas,12-Nov-19,1999,TV-G,67 min
s1078,Movie,Mickey's Rival,12-Nov-19,1936,TV-G,9 min
s1079,Movie,Mickey's Trailer,12-Nov-19,1938,TV-PG,8 min
s1080,Movie,Mickey's Twice Upon a Christmas,12-Nov-19,2004,G,70 min
s1081,Movie,Mighty Joe Young,12-Nov-19,1998,PG,116 min
s1082,Movie,Mike's New Car,12-Nov-19,2002,TV-G,5 min
s1083,Movie,Minutemen,12-Nov-19,2008,TV-G,91 min
s1084,Movie,Miracle,12-Nov-19,2004,PG,137 min
s1085,Movie,Miracle at Midnight,12-Nov-19,1998,TV-14,89 min
s1086,Movie,Miracle in Lane 2,12-Nov-19,2000,TV-G,90 min
s1087,Movie,Miracle Landing on the Hudson,12-Nov-19,2014,TV-G,44 min
s1088,Movie,Mission to the Sun,12-Nov-19,2018,TV-PG,44 min
s1089,Movie,Moana,12-Nov-19,2016,PG,108 min
s1090,Movie,Mom's Got a Date With a Vampire,12-Nov-19,2000,TV-PG,83 min
s1091,Movie,Monsters University,12-Nov-19,2013,G,104 min
s1092,Movie,"Monsters, Inc.",12-Nov-19,2001,G,93 min
s1093,Movie,Motocrossed,12-Nov-19,2001,TV-G,92 min
s1094,Movie,Mr. Boogedy,12-Nov-19,1986,TV-PG,46 min
s1095,Movie,Mr. Duck Steps Out,12-Nov-19,1940,TV-G,9 min
s1096,Movie,Mr. Mouse Takes a Trip,12-Nov-19,1940,TV-G,8 min
s1097,Movie,Mulan II,12-Nov-19,2005,G,82 min
s1098,TV Show,Muppet Moments (Shorts),12-Nov-19,2014,TV-Y7,1 Season
s1099,Movie,Muppet Treasure Island,12-Nov-19,1996,G,101 min
s1100,Movie,Muppets Most Wanted,12-Nov-19,2014,PG,111 min
s1101,Movie,My Favorite Martian,12-Nov-19,1999,PG,94 min
s1102,TV Show,My Friends Tigger & Pooh,12-Nov-19,2006,TV-Y,2 Seasons
s1103,Movie,National Treasure: Book of Secrets,12-Nov-19,2007,PG,125 min
s1104,Movie,Newsies,12-Nov-19,1992,PG,122 min
s1105,Movie,Newsies: The Broadway Musical,12-Nov-19,2017,PG,134 min
s1106,Movie,Noelle,12-Nov-19,2019,G,105 min
s1107,Movie,Now You See It,12-Nov-19,2005,TV-G,89 min
s1108,Movie,Olaf's Frozen Adventure,12-Nov-19,2017,G,25 min
s1109,Movie,Old Yeller,12-Nov-19,1957,G,84 min
s1110,Movie,Oliver & Company,12-Nov-19,1988,G,76 min
s1111,Movie,Once Upon a Mattress,12-Nov-19,2005,TV-PG,88 min
s1112,Movie,One Magic Christmas,12-Nov-19,1985,G,89 min
s1113,Movie,One Man Band,12-Nov-19,2006,G,5 min
s1114,Movie,Operation Dumbo Drop,12-Nov-19,1995,PG,109 min
s1115,TV Show,Origins: The Journey of Humankind,12-Nov-19,2016,TV-14,1 Season
s1116,TV Show,Out of the Box,12-Nov-19,1998,TV-G,3 Seasons
s1117,Movie,Paris To Pittsburgh,12-Nov-19,2018,TV-PG,77 min
s1118,Movie,Partly Cloudy,12-Nov-19,2009,G,6 min
s1119,Movie,Party Central,12-Nov-19,2014,PG,7 min
s1120,Movie,Perri,12-Nov-19,1957,G,75 min
s1121,Movie,Pete's Dragon,12-Nov-19,2016,PG,106 min
s1122,Movie,Peter Pan,12-Nov-19,1953,G,79 min
s1123,Movie,Peter Pan: Return to Never Land,12-Nov-19,2002,G,77 min
s1124,Movie,Phantom of the Megaplex,12-Nov-19,2000,TV-G,89 min
s1125,TV Show,Phil of the Future,12-Nov-19,2003,TV-G,2 Seasons
s1126,TV Show,Phineas and Ferb,12-Nov-19,2007,TV-G,4 Seasons
s1127,Movie,Phineas and Ferb the Movie: Across the 2nd Dimension,12-Nov-19,2011,TV-G,79 min
s1128,Movie,Phineas and Ferb: Mission Marvel,12-Nov-19,2013,TV-G,46 min
s1129,Movie,Piglet's Big Movie,12-Nov-19,2003,G,78 min
s1130,Movie,Pinocchio,12-Nov-19,1940,G,90 min
s1131,Movie,Piper,12-Nov-19,2016,G,6 min
s1132,Movie,Pirates of the Caribbean: At World's End,12-Nov-19,2007,PG-13,169 min
s1133,Movie,Pirates of the Caribbean: Dead Man's Chest,12-Nov-19,2006,PG-13,152 min
s1134,Movie,Pirates of the Caribbean: The Curse of the Black Pearl,12-Nov-19,2003,PG-13,144 min
s1135,TV Show,Pixar In Real Life,12-Nov-19,2019,TV-G,1 Season
s1136,Movie,Pixel Perfect,12-Nov-19,2004,TV-G,90 min
s1137,Movie,Planet of the Birds,12-Nov-19,2018,TV-PG,45 min
s1138,Movie,Pluto and the Gopher,12-Nov-19,1950,TV-PG,7 min
s1139,Movie,Pluto's Christmas Tree,12-Nov-19,1952,TV-Y7,7 min
s1140,Movie,Pluto's Surprise Package,12-Nov-19,1949,TV-G,7 min
s1141,Movie,Pluto's Sweater,12-Nov-19,1949,TV-G,7 min
s1142,Movie,Pocahontas,12-Nov-19,1995,G,85 min
s1143,Movie,Pocahontas II: Journey to a New World,12-Nov-19,1998,G,77 min
s1144,Movie,Pollyanna,12-Nov-19,1960,G,135 min
s1145,Movie,Pooh's Grand Adventure: The Search for Christopher Robin,12-Nov-19,1997,TV-G,78 min
s1146,Movie,Pooh's Heffalump Movie,12-Nov-19,2005,G,73 min
s1147,Movie,Presto,12-Nov-19,2008,G,5 min
s1148,Movie,Princess Protection Program,12-Nov-19,2009,TV-G,90 min
s1149,Movie,Purl,12-Nov-19,2019,PG,12 min
s1150,TV Show,Quack Pack,12-Nov-19,1996,TV-Y,1 Season
s1151,Movie,Queen of Katwe,12-Nov-19,2016,PG,125 min
s1152,Movie,Quints,12-Nov-19,2000,TV-G,83 min
s1153,Movie,Ratatouille,12-Nov-19,2007,G,111 min
s1154,Movie,Read It and Weep,12-Nov-19,2006,TV-G,85 min
s1155,Movie,Ready to Run,12-Nov-19,2000,TV-G,89 min
s1156,Movie,Recess: All Growed Down,12-Nov-19,2003,G,61 min
s1157,Movie,Recess: School's Out,12-Nov-19,2001,G,87 min
s1158,Movie,Recess: Taking the 5th Grade,12-Nov-19,2003,G,63 min
s1159,Movie,Red's Dream,12-Nov-19,1987,TV-G,4 min
s1160,Movie,Remember the Titans,12-Nov-19,2000,PG,114 min
s1161,Movie,Rescue Dog,12-Nov-19,1947,TV-G,7 min
s1162,Movie,Return from Witch Mountain,12-Nov-19,1978,G,94 min
s1163,Movie,Return to Halloweentown,12-Nov-19,2006,TV-PG,89 min
s1164,Movie,Return to Oz,12-Nov-19,1985,PG,110 min
s1165,Movie,Richie Rich's Christmas Wish,12-Nov-19,1998,G,85 min
s1166,Movie,Right on Track,12-Nov-19,2003,TV-G,88 min
s1167,Movie,Riley’s First Date?,12-Nov-19,2015,G,8 min
s1168,Movie,Rip Girls,12-Nov-19,2000,TV-G,87 min
s1169,Movie,Robin Hood,12-Nov-19,1973,G,85 min
s1170,TV Show,Rocky Mountain Animal Rescue,12-Nov-19,2018,TV-PG,1 Season
s1171,Movie,Rogue One: A Star Wars Story,12-Nov-19,2016,PG-13,134 min
s1172,Movie,Roving Mars,12-Nov-19,2006,G,41 min
s1173,Movie,Ruby Bridges,12-Nov-19,1998,TV-PG,90 min
s1174,Movie,Sacred Planet,12-Nov-19,2004,G,47 min
s1175,Movie,Saludos Amigos,12-Nov-19,1943,TV-PG,42 min
s1176,Movie,"Sammy, The Way-Out Seal",12-Nov-19,1962,TV-G,43 min
s1177,Movie,Sanjay's Super Team,12-Nov-19,2015,PG,7 min
s1178,Movie,Santa Paws 2: The Santa Pups,12-Nov-19,2012,G,92 min
s1179,Movie,Santa's Workshop,12-Nov-19,1932,TV-G,7 min
s1180,Movie,Saving Mr. Banks,12-Nov-19,2013,PG-13,129 min
s1181,Movie,Science Fair,12-Nov-19,2018,PG,91 min
s1182,Movie,Sea of Hope: America's Underwater Treasures,12-Nov-19,2017,TV-PG,47 min
s1183,Movie,Secret of The Wings,12-Nov-19,2012,G,79 min
s1184,Movie,Secretariat,12-Nov-19,2010,PG,124 min
s1185,Movie,Secrets of Christ's Tomb: Explorer Special,12-Nov-19,2017,TV-PG,47 min
s1186,Movie,Secrets of Life,12-Nov-19,1956,TV-PG,70 min
s1187,Movie,Secrets of the King Cobra,12-Nov-19,2012,TV-PG,47 min
s1188,TV Show,Shake It Up,12-Nov-19,2010,TV-G,3 Seasons
s1189,Movie,Sharks of Lost Island,12-Nov-19,2013,TV-PG,45 min
s1190,Movie,Sharpay's Fabulous Adventure,12-Nov-19,2011,TV-G,92 min
s1191,Movie,Shipwrecked,12-Nov-19,1991,PG,93 min
s1192,TV Show,Silver Surfer,12-Nov-19,1997,TV-Y7,1 Season
s1193,Movie,Simpsons Movie,12-Nov-19,2007,PG-13,88 min
s1194,Movie,Sister Act,12-Nov-19,1992,PG,101 min
s1195,Movie,Sister Act 2: Back in the Habit,12-Nov-19,1993,PG,108 min
s1196,Movie,Skyrunners,12-Nov-19,2009,TV-PG,93 min
s1197,Movie,Sleeping Beauty,12-Nov-19,1959,G,77 min
s1198,Movie,Smart House,12-Nov-19,1999,TV-G,82 min
s1199,Movie,Smash and Grab,12-Nov-19,2019,PG,8 min
s1200,Movie,Snow White and The Seven Dwarfs,12-Nov-19,1937,G,84 min
s1201,Movie,Snowball Express,12-Nov-19,1972,G,94 min
s1202,Movie,Snowglobe,12-Nov-19,2007,TV-PG,90 min
s1203,TV Show,So Weird,12-Nov-19,1999,TV-Y7,3 Seasons
s1204,Movie,Society Dog Show,12-Nov-19,1939,TV-G,9 min
s1205,TV Show,Spider-Man (Shorts),12-Nov-19,2016,TV-Y7,1 Season
s1206,TV Show,Spider-Man and His Amazing Friends,12-Nov-19,1982,TV-Y7,1 Season
s1207,TV Show,Spider-Man Unlimited,12-Nov-19,1999,TV-Y7,1 Season
s1208,TV Show,Spider-Woman,12-Nov-19,1979,TV-Y7,1 Season
s1209,TV Show,Star Wars Forces of Destiny (Shorts),12-Nov-19,2016,TV-Y7,2 Seasons
s1210,TV Show,Star Wars Rebels,12-Nov-19,2014,TV-Y7,4 Seasons
s1211,TV Show,Star Wars Rebels (Shorts),12-Nov-19,2014,TV-Y7,1 Season
s1212,Movie,Star Wars: A New Hope (Episode IV),12-Nov-19,1977,PG,125 min
s1213,Movie,Star Wars: Attack of the Clones (Episode II),12-Nov-19,2002,PG,143 min
s1214,TV Show,Star Wars: Blips,12-Nov-19,2019,TV-Y7-FV,1 Season
s1215,Movie,Star Wars: Return of the Jedi (Episode VI),12-Nov-19,1983,PG,135 min
s1216,Movie,Star Wars: Revenge of the Sith (Episode III),12-Nov-19,2005,PG-13,140 min
s1217,Movie,Star Wars: The Empire Strikes Back (Episode V),12-Nov-19,1980,PG,127 min
s1218,Movie,Star Wars: The Force Awakens (Episode VII),12-Nov-19,2015,PG-13,139 min
s1219,Movie,Star Wars: The Phantom Menace (Episode I),12-Nov-19,1999,PG,136 min
s1220,Movie,Starstruck,12-Nov-19,2010,TV-G,81 min
s1221,Movie,Steamboat Willie,12-Nov-19,1928,TV-Y7,8 min
s1222,Movie,Stepsister from Planet Weird,12-Nov-19,2000,TV-G,86 min
s1223,Movie,Stitch! The Movie,12-Nov-19,2003,G,62 min
s1224,Movie,Stonehenge Decoded: Secrets Revealed,12-Nov-19,2008,TV-PG,44 min
s1225,Movie,Stuck in the Suburbs,12-Nov-19,2004,TV-G,79 min
s1226,Movie,Sultan and the Rock Star,12-Nov-19,1980,TV-PG,47 min
s1227,Movie,Super Buddies,12-Nov-19,2013,G,83 min
s1228,Movie,Swiss Family Robinson,12-Nov-19,1940,PG,94 min
s1229,TV Show,TaleSpin,12-Nov-19,1990,TV-G,1 Season
s1230,Movie,Tall Tale,12-Nov-19,1995,PG,97 min
s1231,Movie,Tangled,12-Nov-19,2010,PG,101 min
s1232,Movie,Tangled Before Ever After,12-Nov-19,2017,TV-Y7,58 min
s1233,Movie,Tarzan & Jane,12-Nov-19,2002,TV-PG,78 min
s1234,Movie,Teacher's Pet,12-Nov-19,2004,PG,75 min
s1235,Movie,Teen Beach 2,12-Nov-19,2015,TV-G,106 min
s1236,Movie,Teen Beach Movie,12-Nov-19,2013,TV-G,97 min
s1237,Movie,Teen Spirit,12-Nov-19,2011,TV-14,82 min
s1238,Movie,That Darn Cat,12-Nov-19,1997,PG,90 min
s1239,Movie,That Darn Cat!,12-Nov-19,1965,G,116 min
s1240,Movie,The Absent-Minded Professor,12-Nov-19,1961,G,96 min
s1241,Movie,The Adventures of André & Wally B.,12-Nov-19,1984,TV-G,2 min
s1242,Movie,The Adventures of Bullwhip Griffin,12-Nov-19,1967,TV-PG,111 min
s1243,Movie,The Adventures of Huck Finn,12-Nov-19,1993,PG,108 min
s1244,Movie,The Adventures of Ichabod and Mr. Toad,12-Nov-19,1949,G,69 min
s1245,TV Show,The Adventures of Spin and Marty,12-Nov-19,1955,TV-G,1 Season
s1246,Movie,The African Lion,12-Nov-19,1955,G,72 min
s1247,Movie,The Apple Dumpling Gang,12-Nov-19,1975,G,100 min
s1248,Movie,The Apple Dumpling Gang Rides Again,12-Nov-19,1979,G,89 min
s1249,Movie,The Aristocats,12-Nov-19,1970,G,81 min
s1250,Movie,The Art of Skiing,12-Nov-19,1941,TV-G,8 min
s1251,TV Show,The Avengers: Earth's Mightiest Heroes,12-Nov-19,2010,TV-Y7,2 Seasons
s1252,TV Show,The Avengers: United They Stand,12-Nov-19,1999,TV-Y7,1 Season
s1253,Movie,The Band Concert,12-Nov-19,1935,TV-Y7,10 min
s1254,Movie,The Bears and I,12-Nov-19,1974,TV-PG,83 min
s1255,Movie,The Big Bad Wolf,12-Nov-19,1934,TV-Y7,9 min
s1256,Movie,The Biscuit Eater,12-Nov-19,1972,G,93 min
s1257,Movie,The Black Cauldron,12-Nov-19,1985,PG,82 min
s1258,Movie,The Black Hole,12-Nov-19,1979,PG,98 min
s1259,Movie,The Blue Umbrella,12-Nov-19,2013,G,7 min
s1260,TV Show,The Book of Once Upon a Time,12-Nov-19,2014,TV-Y,4 Seasons
s1261,TV Show,The Book of Pooh,12-Nov-19,2000,TV-Y,2 Seasons
s1262,Movie,The Brave Little Toaster Goes to Mars,12-Nov-19,1998,TV-G,73 min
s1263,Movie,The Castaway Cowboy,12-Nov-19,1974,G,91 min
s1264,Movie,The Cheetah Girls,12-Nov-19,2003,TV-G,94 min
s1265,Movie,The Cheetah Girls 2,12-Nov-19,2006,TV-G,98 min
s1266,Movie,The Cheetah Girls: One World,12-Nov-19,2008,TV-G,85 min
s1267,Movie,The Christmas Star,12-Nov-19,1986,TV-G,94 min
s1268,Movie,The Chronicles of Narnia: Prince Caspian,12-Nov-19,2008,PG,154 min
s1269,Movie,"The Chronicles of Narnia: The Lion, the Witch and the Wardrobe",12-Nov-19,2005,PG,147 min
s1270,Movie,The Color of Friendship,12-Nov-19,2000,TV-G,83 min
s1271,Movie,The Computer Wore Tennis Shoes,12-Nov-19,1969,G,90 min
s1272,Movie,The Country Bears,12-Nov-19,2002,G,91 min
s1273,Movie,The Emperor's New Groove,12-Nov-19,2000,G,82 min
s1274,Movie,The Even Stevens Movie,12-Nov-19,2003,TV-G,94 min
s1275,Movie,The Flood,12-Nov-19,2018,TV-PG,93 min
s1276,Movie,The Fox and the Hound,12-Nov-19,1981,G,85 min
s1277,Movie,The Fox and the Hound 2,12-Nov-19,2006,G,73 min
s1278,Movie,The Game Plan,12-Nov-19,2007,PG,112 min
s1279,Movie,The Ghosts of Buxley Hall,12-Nov-19,1980,TV-PG,93 min
s1280,Movie,The Goddess of Spring,12-Nov-19,1934,TV-Y7,10 min
s1281,Movie,The Golden Touch,12-Nov-19,1935,TV-Y7,11 min
s1282,Movie,The Good Dinosaur,12-Nov-19,2015,PG,94 min
s1283,Movie,The Great Muppet Caper,12-Nov-19,1981,G,98 min
s1284,Movie,The Greatest Game Ever Played,12-Nov-19,2005,PG,122 min
s1285,Movie,The Haunted Mansion,12-Nov-19,2003,PG,89 min
s1286,Movie,The Hockey Champ,12-Nov-19,1939,TV-G,9 min
s1287,Movie,The Hunchback of Notre Dame,12-Nov-19,1996,G,96 min
s1288,Movie,The Hunchback of Notre Dame II,12-Nov-19,2002,G,69 min
s1289,TV Show,The Imagineering Story,12-Nov-19,2019,TV-PG,1 Season
s1290,Movie,The Incredible Journey,12-Nov-19,1963,G,80 min
s1291,Movie,The Incredibles,12-Nov-19,2004,PG,116 min
s1292,Movie,The Journey of Natty Gann,12-Nov-19,1985,PG,101 min
s1293,Movie,The Jungle Book 2,12-Nov-19,2003,G,77 min
s1294,Movie,The Jungle Book: Mowgli's Story,12-Nov-19,1998,G,77 min
s1295,Movie,The Legend of Mor'du,12-Nov-19,2012,TV-G,8 min
s1296,Movie,The Lion King 1 1/2,12-Nov-19,2004,G,80 min
s1297,Movie,The Lion King 2: Simba's Pride,12-Nov-19,1998,G,84 min
s1298,Movie,The Little Mermaid,12-Nov-19,1989,G,86 min
s1299,Movie,The Little Mermaid II:  Return to the Sea,12-Nov-19,2000,G,77 min
s1300,Movie,The Little Mermaid:  Ariel's Beginning,12-Nov-19,2008,G,79 min
s1301,Movie,The Little Whirlwind,12-Nov-19,1941,TV-Y7,9 min
s1302,Movie,The Living Desert,12-Nov-19,1953,G,69 min
s1303,Movie,The Lizzie McGuire Movie,12-Nov-19,2003,PG,95 min
s1304,Movie,The Lost Tomb of Alexander the Great,12-Nov-19,2019,TV-PG,44 min
s1305,Movie,The Love Bug (1969),12-Nov-19,1969,G,108 min
s1306,Movie,The Many Adventures of Winnie the Pooh,12-Nov-19,1977,TV-Y,75 min
s1307,Movie,The Million Dollar Duck,12-Nov-19,1971,G,93 min
s1308,Movie,The Mistle-Tones,12-Nov-19,2012,TV-PG,87 min
s1309,Movie,The Muppet Christmas Carol,12-Nov-19,1992,G,87 min
s1310,Movie,The Muppet Movie,12-Nov-19,1979,G,95 min
s1311,Movie,The Muppets,12-Nov-19,2011,PG,108 min
s1312,TV Show,The Muppets (Series),12-Nov-19,2015,TV-PG,1 Season
s1313,TV Show,The New Adventures of Winnie the Pooh,12-Nov-19,1988,TV-Y,4 Seasons
s1314,Movie,The Old Mill,12-Nov-19,1937,TV-Y7,9 min
s1315,Movie,The Olympic Champ,12-Nov-19,1942,TV-G,7 min
s1316,Movie,The Parent Trap,12-Nov-19,1998,PG,129 min
s1317,Movie,The Parent Trap (1961),12-Nov-19,1961,G,129 min
s1318,Movie,The Pied Piper,12-Nov-19,1933,TV-G,8 min
s1319,Movie,The Plausible Impossible (Disneyland: 1954-58),12-Nov-19,1956,TV-PG,52 min
s1320,Movie,The Poof Point,12-Nov-19,2001,TV-G,80 min
s1321,Movie,The Prince and the Pauper,12-Nov-19,1962,G,94 min
s1322,Movie,The Princess and the Frog,12-Nov-19,2009,G,99 min
s1323,Movie,The Princess Diaries,12-Nov-19,2001,G,116 min
s1324,Movie,The Princess Diaries 2: Royal Engagement,12-Nov-19,2004,G,114 min
s1325,Movie,The Proud Family Movie,12-Nov-19,2005,TV-G,95 min
s1326,Movie,The Reluctant Dragon,12-Nov-19,1941,G,74 min
s1327,TV Show,The Replacements,12-Nov-19,2006,TV-G,1 Season
s1328,Movie,The Rescuers,12-Nov-19,1977,G,78 min
s1329,Movie,The Rescuers Down Under,12-Nov-19,1990,G,78 min
s1330,Movie,The Rookie,12-Nov-19,2002,G,129 min
s1331,Movie,The Santa Clause,12-Nov-19,1994,PG,98 min
s1332,Movie,The Santa Clause 2,12-Nov-19,2002,G,106 min
s1333,Movie,The Santa Clause 3: The Escape Clause,12-Nov-19,2006,G,94 min
s1334,Movie,The Scream Team,12-Nov-19,2002,TV-PG,88 min
s1335,Movie,The Secret of the Magic Gourd,12-Nov-19,2009,G,84 min
s1336,Movie,The Shaggy D.A.,12-Nov-19,1976,G,92 min
s1337,Movie,The Shaggy Dog,12-Nov-19,1959,G,102 min
s1338,Movie,The Sign of Zorro,12-Nov-19,1960,G,90 min
s1339,Movie,The Simple Things,12-Nov-19,1953,TV-G,8 min
s1340,Movie,The Sound of Music,12-Nov-19,1965,G,175 min
s1341,Movie,The Story of Robin Hood And His Merrie Men,12-Nov-19,1952,PG,84 min
s1342,Movie,The Strongest Man in the World,12-Nov-19,1975,G,92 min
s1343,Movie,The Suite Life Movie,12-Nov-19,2011,TV-G,81 min
s1344,TV Show,The Suite Life of Zack & Cody,12-Nov-19,2004,TV-G,3 Seasons
s1345,TV Show,The Suite Life On Deck,12-Nov-19,2008,TV-G,3 Seasons
s1346,Movie,The Swap,12-Nov-19,2016,TV-G,91 min
s1347,Movie,The Thirteenth Year,12-Nov-19,1999,TV-G,89 min
s1348,Movie,The Three Caballeros,12-Nov-19,1945,G,72 min
s1349,Movie,The Three Musketeers,12-Nov-19,1993,PG,106 min
s1350,Movie,The Tigger Movie,12-Nov-19,2000,G,81 min
s1351,Movie,The Tortoise and the Hare,12-Nov-19,1935,TV-G,9 min
s1352,Movie,The Ugly Dachshund,12-Nov-19,1966,TV-G,93 min
s1353,Movie,The Ugly Duckling,12-Nov-19,1939,TV-Y7,9 min
s1354,Movie,The Ultimate Christmas Present,12-Nov-19,2000,TV-G,81 min
s1355,Movie,The Vanishing Prairie,12-Nov-19,1954,G,71 min
s1356,Movie,The Wild,12-Nov-19,2006,G,86 min
s1357,Movie,The Wise Little Hen,12-Nov-19,1934,TV-G,8 min
s1358,Movie,The Wizards Return: Alex vs. Alex,12-Nov-19,2013,TV-G,59 min
s1359,TV Show,The World According to Jeff Goldblum,12-Nov-19,2019,TV-PG,2 Seasons
s1360,Movie,The Young Black Stallion,12-Nov-19,2003,G,51 min
s1361,Movie,Three Blind Mouseketeers,12-Nov-19,1936,TV-Y7,9 min
s1362,Movie,Three Days,12-Nov-19,2001,TV-G,93 min
s1363,Movie,Three Little Pigs,12-Nov-19,1933,TV-Y7,9 min
s1364,Movie,Three Little Wolves,12-Nov-19,1936,TV-Y7,9 min
s1365,Movie,Three Men and a Baby,12-Nov-19,1987,PG,103 min
s1366,Movie,Three Men and a Little Lady,12-Nov-19,1990,PG,104 min
s1367,Movie,Thru the Mirror,12-Nov-19,1936,TV-G,10 min
s1368,Movie,Tiger Cruise,12-Nov-19,2004,TV-PG,88 min
s1369,Movie,Tim Burton’s The Nightmare Before Christmas,12-Nov-19,1993,PG,78 min
s1370,TV Show,Timon & Pumbaa,12-Nov-19,1995,TV-Y,3 Seasons
s1371,Movie,Tin Toy,12-Nov-19,1988,TV-G,5 min
s1372,Movie,Tinker Bell,12-Nov-19,2008,G,81 min
s1373,Movie,Tinker Bell and the Great Fairy Rescue,12-Nov-19,2010,G,80 min
s1374,Movie,Tinker Bell and the Lost Treasure,12-Nov-19,2009,G,84 min
s1375,Movie,Titanic: 20 Years Later With James Cameron,12-Nov-19,2017,TV-PG,47 min
s1376,Movie,Toby Tortoise Returns,12-Nov-19,1936,TV-Y7,8 min
s1377,Movie,Tom and Huck,12-Nov-19,1995,PG,92 min
s1378,Movie,Toy Story,12-Nov-19,1995,G,83 min
s1379,Movie,Toy Story 2,12-Nov-19,1999,G,93 min
s1380,Movie,Toy Story 3,12-Nov-19,2010,G,103 min
s1381,Movie,Toy Story Toons: Hawaiian Vacation,12-Nov-19,2011,G,6 min
s1382,Movie,Toy Story Toons: Partysaurus Rex,12-Nov-19,2012,G,9 min
s1383,Movie,Toy Story Toons: Small Fry,12-Nov-19,2011,G,10 min
s1384,Movie,Trail of the Panda,12-Nov-19,2009,G,89 min
s1385,Movie,Trailer Horn,12-Nov-19,1950,TV-G,7 min
s1386,Movie,Treasure Island,12-Nov-19,1950,PG,96 min
s1387,Movie,Treasure of Matecumbe,12-Nov-19,1976,G,116 min
s1388,Movie,Treasure Planet,12-Nov-19,2002,PG,98 min
s1389,Movie,Tree Climbing Lions,12-Nov-19,2018,TV-PG,45 min
s1390,Movie,Tron,12-Nov-19,1982,PG,96 min
s1391,Movie,Tru Confessions,12-Nov-19,2002,TV-G,83 min
s1392,Movie,Tuck Everlasting,12-Nov-19,2002,PG,91 min
s1393,Movie,Tugboat Mickey,12-Nov-19,1940,TV-G,8 min
s1394,Movie,Twas the Night,12-Nov-19,2001,TV-G,87 min
s1395,Movie,Twitches,12-Nov-19,2005,TV-PG,87 min
s1396,Movie,Twitches Too,12-Nov-19,2007,TV-PG,84 min
s1397,Movie,Unidentified Flying Oddball,12-Nov-19,1979,G,93 min
s1398,Movie,Up,12-Nov-19,2009,PG,96 min
s1399,Movie,"Up, Up and Away",12-Nov-19,2000,TV-G,78 min
s1400,Movie,Valiant,12-Nov-19,2005,G,76 min
s1401,Movie,Waking Sleeping Beauty,12-Nov-19,2010,PG,87 min
s1402,Movie,WALL-E,12-Nov-19,2008,G,99 min
s1403,Movie,Wendy Wu: Homecoming Warrior,12-Nov-19,2006,TV-PG,91 min
s1404,Movie,Whispers: An Elephant's Tale,12-Nov-19,2000,G,73 min
s1405,Movie,White Fang,12-Nov-19,1991,PG,109 min
s1406,Movie,Who Framed Roger Rabbit,12-Nov-19,1988,PG,104 min
s1407,TV Show,Wild Yellowstone,12-Nov-19,2015,TV-PG,1 Season
s1408,Movie,Winged Seduction: Birds of Paradise,12-Nov-19,2012,TV-PG,45 min
s1409,Movie,Winnie the Pooh,12-Nov-19,2011,G,68 min
s1410,Movie,Winnie the Pooh: A Very Merry Pooh Year,12-Nov-19,2002,G,67 min
s1411,Movie,Winnie the Pooh: Springtime with Roo,12-Nov-19,2004,G,70 min
s1412,Movie,Winter Storage,12-Nov-19,1949,TV-G,7 min
s1413,TV Show,Wizards of Waverly Place,12-Nov-19,2007,TV-G,4 Seasons
s1414,Movie,Wizards of Waverly Place: The Movie,12-Nov-19,2009,TV-G,94 min
s1415,TV Show,Wolverine and The X-Men,12-Nov-19,2008,TV-Y7,1 Season
s1416,Movie,World's Greatest Dogs,12-Nov-19,2015,TV-PG,44 min
s1417,Movie,Wreck-It Ralph,12-Nov-19,2012,PG,103 min
s1418,TV Show,X-Men: Evolution,12-Nov-19,2000,TV-Y7,4 Seasons
s1419,Movie,Ye Olden Days,12-Nov-19,1933,TV-Y7,9 min
s1420,Movie,Yellowstone Cubs,12-Nov-19,1963,TV-PG,48 min
s1421,Movie,You Lucky Dog,12-Nov-19,1998,TV-G,88 min
s1422,Movie,You Wish!,12-Nov-19,2003,TV-G,88 min
s1423,Movie,Your Friend the Rat,12-Nov-19,2007,TV-G,13 min
s1424,Movie,Z-O-M-B-I-E-S,12-Nov-19,2018,TV-G,97 min
s1425,Movie,Zapped,12-Nov-19,2014,TV-G,95 min
s1426,Movie,Zenon: Girl of the 21st Century,12-Nov-19,1999,TV-G,97 min
s1427,Movie,Zenon: The Zequel,12-Nov-19,2001,TV-G,89 min
s1428,Movie,Zenon: Z3,12-Nov-19,2004,TV-G,81 min
s1429,Movie,Zootopia,12-Nov-19,2016,PG,109 min
s1430,Movie,Bedknobs and Broomsticks,1-Oct-19,1971,G,118 min
s1431,Movie,Blackbeard's Ghost,1-Oct-19,1968,G,107 min
s1432,Movie,Brave Little Tailor,1-Oct-19,1938,TV-PG,9 min
s1433,Movie,Justin Morgan had a Horse,1-Oct-19,1972,TV-G,88 min
s1434,Movie,Lady and the Tramp II: Scamp's Adventure,1-Oct-19,2001,G,73 min
s1435,TV Show,Smart Guy,1-Oct-19,1996,TV-G,3 Seasons
s1436,Movie,The Cat from Outer Space,1-Oct-19,1978,G,104 min
s1437,Movie,The Great Mouse Detective,1-Oct-19,1986,G,75 min
s1438,Movie,The Sword in the Stone,1-Oct-19,1963,G,80 min
s1439,Movie,Those Calloways,1-Oct-19,1965,PG,132 min
s1440,TV Show,Disney Kirby Buckets,,2014,TV-Y7,3 Seasons
s1441,TV Show,Disney Mech-X4,,2016,TV-Y7,2 Seasons
s1442,TV Show,Imagination Movers,,2008,TV-Y,3 Seasons
s1443,Movie,Tomorrowland,3-Sep-21,2015,PG,131 min
s1444,Movie,Aquamarine,13-Aug-21,2006,PG,104 min
s1445,Movie,Ice Age: Dawn Of The Dinosaurs,4-Jun-21,2009,PG,97 min
s1446,Movie,X-Men Origins: Wolverine,4-Jun-21,2009,PG-13,108 min
s1447,Movie,Night at the Museum: Battle of the Smithsonian,2-Apr-21,2009,PG,106 min
s1448,Movie,Eddie the Eagle,18-Dec-20,2016,PG-13,107 min
s1449,Movie,Bend It Like Beckham,18-Sep-20,2003,PG-13,112 min
s1450,Movie,Captain Sparky vs. The Flying Saucers,1-Apr-20,2012,TV-G,2 min